fips,total_cases,fips,total_death
1001,752400,1001,10567
1003,2339385,1003,27804
1005,304738,1005,4940
1007,302667,1007,6276
1009,734621,1009,10821
1011,192741,1011,5214
1013,325096,1013,12170
1015,1558771,1015,26837
1017,477562,1017,15565
1019,234585,1019,5086
1021,533224,1021,10208
1023,109800,1023,4478
1025,435180,1025,5674
1027,199330,1027,5595
1029,167415,1029,3374
1031,630486,1031,7206
1033,765082,1033,12024
1035,169883,1035,3718
1037,91063,1037,1894
1039,527286,1039,10750
1041,189131,1041,7582
1043,1067219,1043,14342
1045,581388,1045,13624
1047,567408,1047,12368
1049,1137506,1049,13791
1051,1141115,1051,19177
1053,524608,1053,8228
1055,1613188,1055,25406
1057,226036,1057,4586
1059,636356,1059,9612
1061,284823,1061,4596
1063,124387,1063,4824
1065,272222,1065,9341
1067,221969,1067,3114
1069,1249828,1069,18433
1071,796227,1071,7594
1073,8717857,1073,149779
1075,166720,1075,2616
1077,995971,1077,16886
1079,323868,1079,8304
1081,1985073,1081,21397
1083,1086439,1083,11774
1085,222680,1085,8521
1087,188983,1087,6282
1089,3691107,1089,37548
1091,318868,1091,6793
1093,369940,1093,11036
1095,1602567,1095,19439
1097,5004065,1097,103620
1099,223594,1099,3380
1101,3236030,1101,64462
1103,1676712,1103,18738
1105,172594,1105,2469
1107,293346,1107,5795
1109,411227,1109,5489
1111,239563,1111,5928
1113,582680,1113,1884
1115,1064129,1115,17930
1117,2640233,1117,22851
1119,163069,1119,5961
1121,900261,1121,14951
1123,482651,1123,27616
1125,3180214,1125,45621
1127,918260,1127,29732
1129,218043,1129,4902
1131,186462,1131,4216
1133,325234,1133,6105
2013,16388,2013,26
2016,43570,2016,0
2020,3169327,2020,17629
2050,323471,2050,1411
2068,8330,2068,0
2070,21215,2070,106
2090,729674,2090,3871
2100,3760,2100,0
2110,163765,2110,504
2122,487913,2122,1894
2130,40269,2130,101
2150,102800,2150,313
2158,106452,2158,279
2170,825933,2170,2619
2180,40986,2180,0
2185,106828,2185,273
2188,68995,2188,52
2195,6650,2195,0
2198,10581,2198,132
2220,37542,2220,0
2230,1846,2230,0
2240,50591,2240,323
2261,58701,2261,266
2275,4891,2275,0
2290,37539,2290,586
2997,30333,2997,0
2998,9207,2998,91
4001,1478726,4001,54237
4003,1171832,4003,27750
4005,2011952,4005,50273
4007,726729,4007,24090
4009,545634,4009,9011
4011,57189,4011,852
4012,274219,4012,7019
4013,61378983,4013,1124230
4015,2159828,4015,78176
4017,2297774,4017,76401
4019,12138986,4019,245170
4021,5101886,4021,81856
4023,1118830,4023,21592
4025,1758718,4025,42624
4027,5065525,4027,109594
5001,219520,5001,4369
5003,209579,5003,3695
5005,293870,5005,8321
5007,3187026,5007,42188
5009,390915,5009,9084
5011,150584,5011,3046
5013,35129,5013,184
5015,333279,5015,5102
5017,276244,5017,5715
5019,213490,5019,3282
5021,191222,5021,4959
5023,205306,5023,6625
5025,96048,5025,3163
5027,246460,5027,6841
5029,204694,5029,2744
5031,1549442,5031,18749
5033,739168,5033,9899
5035,790894,5035,14039
5037,219347,5037,5615
5039,77476,5039,1505
5041,150818,5041,2224
5043,211636,5043,3251
5045,1272332,5045,14459
5047,176282,5047,3167
5049,118865,5049,4121
5051,999131,5051,24460
5053,160847,5053,2375
5055,642517,5055,7317
5057,205276,5057,1924
5059,687979,5059,9279
5061,195002,5061,3224
5063,457278,5063,13676
5065,188316,5065,2721
5067,355273,5067,2922
5069,1188094,5069,25685
5071,344134,5071,3113
5073,57866,5073,989
5075,249904,5075,6301
5077,315683,5077,4842
5079,626393,5079,5894
5081,142186,5081,6816
5083,234189,5083,1647
5085,685400,5085,11255
5087,172230,5087,2023
5089,91919,5089,2386
5091,456198,5091,4438
5093,719919,5093,15995
5095,81444,5095,1220
5097,75874,5097,2849
5099,101249,5099,3823
5101,89921,5101,4549
5103,204361,5103,4403
5105,73361,5105,700
5107,219985,5107,4474
5109,105699,5109,1642
5111,364596,5111,8628
5113,192433,5113,5068
5115,938254,5115,10967
5117,89786,5117,2051
5119,4300944,5119,69137
5121,228540,5121,6680
5123,552470,5123,3735
5125,1212391,5125,15481
5127,91929,5127,1224
5129,73801,5129,1223
5131,1689031,5131,27701
5133,420430,5133,4589
5135,165471,5135,5044
5137,119849,5137,4227
5139,419834,5139,13660
5141,116164,5141,1688
5143,3836418,5143,41590
5145,712206,5145,11227
5147,55992,5147,513
5149,465417,5149,8919
6001,9235099,6001,142557
6003,7814,6003,0
6005,301285,6005,4641
6007,1194037,6007,16511
6009,181777,6009,4074
6011,230415,6011,1684
6013,7112667,6013,77202
6015,102986,6015,380
6017,846292,6017,5497
6019,11306488,6019,144059
6021,253304,6021,2243
6023,300225,6023,3494
6025,4239547,6025,92897
6027,109381,6027,4282
6029,12347829,6029,108158
6031,2903407,6031,26230
6033,299382,6033,4254
6035,589210,6035,1352
6037,133743543,6037,2484505
6039,1797760,6039,23462
6041,2069359,6041,31659
6043,42134,6043,807
6045,419128,6045,5580
6047,3418623,6047,47724
6049,29497,6049,232
6051,130335,6051,736
6053,4605605,6053,34594
6055,935320,6055,6483
6057,385269,6057,6623
6059,27888162,6059,435725
6061,2071528,6061,23204
6063,56161,6063,380
6065,30825011,6065,444431
6067,10469873,6067,162490
6069,616106,6069,5734
6071,30459226,6071,314400
6073,26593221,6073,345866
6075,4399392,6075,45494
6077,7966668,6077,134384
6079,1937928,6079,17225
6081,4450866,6081,60112
6083,3680333,6083,40873
6085,11430250,6085,169332
6087,1427305,6087,13997
6089,1099548,6089,14939
6091,4356,6091,0
6093,164642,6093,1136
6095,3226181,6095,21526
6097,3261714,6097,37650
6099,6628858,6099,115873
6101,946207,6101,8549
6103,444813,6103,5150
6105,29008,6105,360
6107,6091444,6107,94095
6109,346641,6109,4221
6111,7297729,6111,69441
6113,1384580,6113,23033
6115,606024,6115,3699
8001,6144537,8001,96325
8003,152953,8003,3976
8005,6107120,8005,138048
8007,62629,8007,49
8009,26801,8009,200
8011,115780,8011,1513
8013,2295235,8013,37331
8014,441514,8014,13705
8015,172547,8015,6484
8017,12948,8017,428
8019,40782,8019,429
8021,43160,8021,498
8023,21937,8023,292
8025,202830,8025,1496
8027,17964,8027,62
8029,222894,8029,4327
8031,7812440,8031,157196
8033,5934,8033,0
8035,2321611,8035,32738
8037,639501,8037,3778
8039,136782,8039,1543
8041,5826083,8041,94398
8043,548187,8043,3095
8045,580380,8045,3958
8047,17805,8047,197
8049,102553,8049,601
8051,148004,8051,2081
8053,2221,8053,0
8055,32032,8055,1789
8057,5369,8057,0
8059,4379673,8059,116025
8061,8075,8061,211
8063,63619,8063,1622
8065,68107,8065,0
8067,300745,8067,3159
8069,2160067,8069,25588
8071,80934,8071,792
8073,86713,8073,251
8075,518230,8075,7175
8077,1230747,8077,16708
8079,8326,8079,91
8081,65958,8081,2139
8083,171652,8083,2716
8085,324556,8085,6709
8087,386617,8087,17746
8089,182966,8089,5538
8091,24409,8091,564
8093,56146,8093,642
8095,36561,8095,888
8097,185149,8097,845
8099,125035,8099,2279
8101,1625928,8101,38869
8103,38320,8103,276
8105,70240,8105,1253
8107,169581,8107,3409
8109,50383,8109,757
8111,4469,8111,0
8113,71152,8113,0
8115,19996,8115,327
8117,339975,8117,1314
8119,139488,8119,1766
8121,48605,8121,1177
8123,3159656,8123,61181
8125,80557,8125,1305
9001,10835400,9001,484970
9003,8535792,9003,498670
9005,1274343,9005,54103
9007,1128665,9007,67648
9009,8720851,9009,398533
9011,1834519,9011,54489
9013,864472,9013,26876
9015,859747,9015,14578
10001,1627117,10001,41699
10003,5627153,10003,110284
10005,3094628,10005,73867
11001,6133730,11001,209147
12001,2924872,12001,23714
12003,462278,12003,6519
12005,2235784,12005,38886
12007,365163,12007,4777
12009,3897762,12009,97668
12011,26996140,12011,400504
12013,221231,12013,5146
12015,1318335,12015,50377
12017,1142514,12017,43752
12019,2041805,12019,38079
12021,4457855,12021,69903
12023,1161062,12023,20046
12027,559014,12027,10065
12029,228754,12029,2526
12031,11506300,12031,140818
12033,4394275,12033,77975
12035,701327,12035,10064
12037,185624,12037,1221
12039,822163,12039,12560
12041,185068,12041,4278
12043,158034,12043,1980
12045,261651,12045,4587
12047,260590,12047,2651
12049,428451,12049,3903
12051,685741,12051,12464
12053,1302187,12053,47643
12055,889541,12055,35589
12057,15021615,12057,213857
12059,289087,12059,4189
12061,1314222,12061,34417
12063,889928,12063,21711
12065,190968,12065,3177
12067,286177,12067,3644
12069,2918816,12069,62296
12071,7754165,12071,144216
12073,3625686,12073,31016
12075,363307,12075,3549
12077,167615,12077,2565
12079,307154,12079,6159
12081,4275751,12081,94231
12083,3397323,12083,90272
12085,1613257,12085,42144
12086,58324257,12086,916508
12087,764851,12087,6743
12089,869822,12089,12926
12091,2209385,12091,39162
12093,498221,12093,9299
12095,14926398,12095,149765
12097,4733710,12097,56352
12099,16613660,12099,413852
12101,3937437,12101,74335
12103,8578162,12103,221848
12105,7234663,12105,162708
12107,760846,12107,14833
12109,2336421,12109,23641
12111,2842478,12111,83758
12113,2050798,12113,27893
12115,3384066,12115,98240
12117,3462022,12117,62069
12119,942396,12119,26438
12121,800491,12121,20845
12123,388620,12123,4685
12125,266508,12125,9732
12127,4241267,12127,86143
12129,401042,12129,4609
12131,858450,12131,9768
12133,366475,12133,6526
13001,334819,13001,9802
13003,151422,13003,1981
13005,206583,13005,4783
13007,33212,13007,1467
13009,647933,13009,18231
13011,209395,13011,3387
13013,987727,13013,15925
13015,1430368,13015,29507
13017,276579,13017,8475
13019,200135,13019,4891
13021,1996052,13021,52926
13023,179414,13023,6496
13025,186435,13025,3896
13027,185476,13027,7576
13029,390123,13029,4392
13031,877829,13031,11069
13033,309575,13033,5029
13035,317740,13035,13390
13037,91714,13037,2806
13039,460389,13039,4144
13043,138408,13043,6617
13045,1333035,13045,26852
13047,589203,13047,7364
13049,196671,13049,3377
13051,2771404,13051,49915
13053,456559,13053,764
13055,306511,13055,7580
13057,2959526,13057,32675
13059,1831026,13059,14811
13061,39398,13061,846
13063,2851707,13063,53913
13065,128831,13065,2940
13067,8329900,13067,140551
13069,754651,13069,18844
13071,686788,13071,12672
13073,1750692,13073,20716
13075,225077,13075,4813
13077,1412277,13077,17850
13079,73735,13079,1581
13081,260317,13081,8120
13083,138644,13083,1545
13085,327041,13085,3426
13087,395735,13087,9594
13089,7424601,13089,118832
13091,251148,13091,9898
13093,142027,13093,6130
13095,1175660,13095,62371
13097,1573257,13097,24822
13099,183524,13099,11240
13101,81742,13101,718
13103,517700,13103,7123
13105,278859,13105,5112
13107,338906,13107,10096
13109,130967,13109,2433
13111,258154,13111,7368
13113,873339,13113,17302
13115,1330179,13115,21670
13117,2026047,13117,17020
13119,313924,13119,4989
13121,10978651,13121,185971
13123,348373,13123,6788
13125,25704,13125,1069
13127,1092454,13127,25554
13129,856688,13129,14258
13131,271335,13131,6936
13133,206326,13133,6936
13135,11193248,13135,134434
13137,674889,13137,22029
13139,3517426,13139,52651
13141,139701,13141,12329
13143,286110,13143,6878
13145,301469,13145,7036
13147,246799,13147,5693
13149,97664,13149,2175
13151,2437864,13151,33882
13153,1459527,13153,28287
13155,116579,13155,2850
13157,971506,13157,14118
13159,138955,13159,2398
13161,242669,13161,6299
13163,256374,13163,7948
13165,123055,13165,7804
13167,146357,13167,6424
13169,218882,13169,4259
13171,204652,13171,6361
13173,105934,13173,2056
13175,673386,13175,21599
13177,327785,13177,9716
13179,389688,13179,6308
13181,86502,13181,2498
13183,93144,13183,1264
13185,1582250,13185,26305
13187,342021,13187,5516
13189,259529,13189,5485
13191,97229,13191,1986
13193,100991,13193,3949
13195,328448,13195,4698
13197,70885,13197,2302
13199,225619,13199,5052
13201,101680,13201,703
13205,302522,13205,15540
13207,289496,13207,14398
13209,110159,13209,2217
13211,217241,13211,1617
13213,484043,13213,5996
13215,2023036,13215,48093
13217,1103549,13217,26053
13219,395989,13219,8596
13221,160754,13221,3744
13223,1493173,13223,20847
13225,283874,13225,6963
13227,321507,13227,5380
13229,299572,13229,6640
13231,217636,13231,3966
13233,619778,13233,8315
13235,112534,13235,5360
13237,259174,13237,7644
13239,19153,13239,329
13241,175083,13241,4016
13243,110279,13243,8906
13245,2752435,13245,54540
13247,777297,13247,15418
13249,42301,13249,568
13251,124384,13251,3414
13253,125078,13253,2708
13255,655138,13255,21425
13257,397657,13257,10475
13259,141875,13259,3634
13261,374591,13261,20385
13263,63242,13263,2092
13265,11315,13265,36
13267,286131,13267,5761
13269,91615,13269,3098
13271,162141,13271,6680
13273,129431,13273,10273
13275,565114,13275,20123
13277,671448,13277,18518
13279,438919,13279,13623
13281,135582,13281,5382
13283,98565,13283,2895
13285,1031432,13285,29376
13287,132431,13287,6864
13289,75168,13289,3617
13291,259803,13291,7746
13293,409449,13293,20638
13295,708577,13295,11148
13297,983055,13297,22614
13299,639242,13299,18944
13301,58401,13301,1558
13303,270768,13303,6505
13305,411945,13305,9390
13307,18153,13307,661
13309,92395,13309,3411
13311,354223,13311,7586
13313,2008985,13313,23719
13315,109256,13315,7923
13317,118820,13317,2224
13319,119812,13319,4593
13321,233055,13321,10517
15001,311910,15001,6562
15003,3266101,15003,42156
15005,90,15005,0
15007,27272,15007,105
15009,264130,15009,4345
16001,6027106,16001,58111
16003,32351,16003,453
16005,898312,16005,8472
16007,37758,16007,260
16009,67767,16009,824
16011,527575,16011,6776
16013,335477,16013,2689
16015,35996,16015,390
16017,280972,16017,2295
16019,1501013,16019,15007
16021,79146,16021,940
16023,23951,16023,67
16025,9450,16025,0
16027,3378863,16027,35906
16029,78357,16029,1359
16031,403393,16031,3162
16033,9033,16033,0
16035,101995,16035,845
16037,29627,16037,303
16039,199703,16039,1635
16041,127363,16041,1231
16043,128643,16043,1736
16045,198723,16045,2706
16047,174902,16047,2232
16049,138581,16049,1676
16051,302993,16051,2073
16053,364989,16053,3007
16055,1833765,16055,18992
16057,314555,16057,569
16059,67583,16059,1035
16061,40998,16061,701
16063,66345,16063,1160
16065,740992,16065,2066
16067,334110,16067,3343
16069,404767,16069,9377
16071,33101,16071,231
16073,141116,16073,2654
16075,335473,16075,3684
16077,91033,16077,723
16079,117407,16079,4725
16081,116862,16081,419
16083,1259621,16083,19305
16085,74814,16085,508
16087,160216,16087,2502
17001,912745,17001,12878
17003,52018,17003,805
17005,213573,17005,3091
17007,769909,17007,11934
17009,66309,17009,1108
17011,391776,17011,9459
17013,49941,17013,367
17015,185313,17015,4505
17017,227573,17017,4683
17019,2211795,17019,14459
17021,369755,17021,9905
17023,171905,17023,3904
17025,157838,17025,4496
17027,672587,17027,13154
17029,662750,17029,13317
17031,69996153,17031,1906686
17033,226590,17033,3621
17035,133364,17035,3263
17037,1031619,17037,14929
17039,130628,17039,3047
17041,264924,17041,3956
17043,10009499,17043,221416
17045,162842,17045,5343
17047,53741,17047,845
17049,530795,17049,6986
17051,342845,17051,6763
17053,158263,17053,5594
17055,449497,17055,6964
17057,293273,17057,4235
17059,47861,17059,671
17061,155430,17061,5383
17063,554366,17063,6219
17065,80359,17065,1493
17067,182128,17067,3641
17069,33176,17069,811
17071,55981,17071,1353
17073,499030,17073,7361
17075,326429,17075,7925
17077,593169,17077,10647
17079,131802,17079,3317
17081,431340,17081,15892
17083,270814,17083,6804
17085,197210,17085,3091
17087,147756,17087,1529
17089,6970889,17089,127966
17091,1662599,17091,32127
17093,1349756,17093,13368
17095,567449,17095,15016
17097,8402149,17097,180624
17099,1209231,17099,32050
17101,237104,17101,3267
17103,375508,17103,7611
17105,430203,17105,7941
17107,359260,17107,5694
17109,289384,17109,8220
17111,2992807,17111,47232
17113,1710174,17113,18727
17115,1159029,17115,25652
17117,457938,17117,9476
17119,3196315,17119,66193
17121,481402,17121,11855
17123,83411,17123,1447
17125,140368,17125,4309
17127,121212,17127,2953
17129,105417,17129,919
17131,143502,17131,3330
17133,453306,17133,10866
17135,329144,17135,6074
17137,432816,17137,11601
17139,173485,17139,3019
17141,588445,17141,8235
17143,1962053,17143,31974
17145,298317,17145,7163
17147,142983,17147,1509
17149,182798,17149,5028
17151,26746,17151,301
17153,89111,17153,469
17155,44089,17155,198
17157,507608,17157,8140
17159,171686,17159,4952
17161,1697978,17161,40205
17163,3465128,17163,76018
17165,245246,17165,5800
17167,1889885,17167,30878
17169,68752,17169,1381
17171,48081,17171,88
17173,253506,17173,4552
17175,55970,17175,1989
17177,474465,17177,8731
17179,1426843,17179,27213
17181,277460,17181,7503
17183,863301,17183,11938
17185,135871,17185,1696
17187,217424,17187,4575
17189,166388,17189,2359
17191,187303,17191,5570
17193,155399,17193,2988
17195,698413,17195,22137
17197,8308539,17197,161511
17199,778562,17199,16723
17201,3765144,17201,67723
17203,383179,17203,7439
18001,345944,18001,4902
18003,4217175,18003,91871
18005,839331,18005,22301
18007,97158,18007,942
18009,129197,18009,2980
18011,687925,18011,17706
18013,99236,18013,2934
18015,194868,18015,3245
18017,873969,18017,9400
18019,1344787,18019,26787
18021,262649,18021,4780
18023,463028,18023,6669
18025,89941,18025,1299
18027,352372,18027,13409
18029,572576,18029,10857
18031,334544,18031,16460
18033,416629,18033,8358
18035,1162087,18035,27098
18037,668818,18037,10358
18039,3581362,18039,55535
18041,346219,18041,7506
18043,817772,18043,24305
18045,201360,18045,3430
18047,194635,18047,7240
18049,199220,18049,3734
18051,432840,18051,7500
18053,801852,18053,19172
18055,296243,18055,14550
18057,3517387,18057,57512
18059,782152,18059,18898
18061,417857,18061,9831
18063,1811155,18063,52877
18065,613024,18065,11082
18067,983415,18067,26825
18069,327763,18069,5988
18071,564341,18071,7160
18073,347355,18073,4222
18075,203923,18075,2950
18077,293873,18077,5349
18079,245217,18079,6318
18081,1842144,18081,57448
18083,399571,18083,6155
18085,998339,18085,11742
18087,336529,18087,8175
18089,6290841,18089,136299
18091,1118481,18091,24173
18093,466463,18093,14994
18095,1319661,18095,43187
18097,11718944,18097,301490
18099,670526,18099,12108
18101,89103,18101,1280
18103,390128,18103,5004
18105,1220555,18105,18767
18107,413827,18107,10179
18109,633348,18109,17305
18111,123485,18111,4989
18113,611748,18113,13026
18115,58598,18115,1679
18117,196104,18117,9453
18119,180457,18119,4170
18121,149746,18121,1359
18123,193574,18123,5307
18125,134400,18125,3670
18127,1819856,18127,28572
18129,284353,18129,3242
18131,113953,18131,3944
18133,363532,18133,7074
18135,262263,18135,6379
18137,343365,18137,6382
18139,178883,18139,2470
18141,3733247,18141,63341
18143,282386,18143,6401
18145,681875,18145,16836
18147,217691,18147,2607
18149,216474,18149,6054
18151,363122,18151,5010
18153,230362,18153,4363
18155,73848,18155,631
18157,2112366,18157,15374
18159,156997,18159,6711
18161,76638,18161,589
18163,2374366,18163,32246
18165,160995,18165,3266
18167,1307461,18167,23269
18169,351620,18169,6468
18171,71422,18171,1208
18173,813859,18173,19767
18175,213210,18175,2285
18177,815194,18177,19252
18179,278497,18179,6820
18181,344407,18181,6382
18183,342457,18183,3759
19001,84089,19001,2267
19003,35401,19003,317
19005,175685,19005,4243
19007,135948,19007,4543
19009,55958,19009,958
19011,281466,19011,4846
19013,2193202,19013,39064
19015,291087,19015,2885
19017,330416,19017,6017
19019,208775,19019,2520
19021,743627,19021,4927
19023,187729,19023,2717
19025,162921,19025,1384
19027,355652,19027,4572
19029,147124,19029,4756
19031,200873,19031,2509
19033,632991,19033,9999
19035,173704,19035,2827
19037,147023,19037,1210
19039,120525,19039,1619
19041,225999,19041,2201
19043,195832,19043,4973
19045,612946,19045,9073
19047,412052,19047,3756
19049,1361697,19049,14569
19051,89733,19051,2429
19053,61629,19053,487
19055,242563,19055,4347
19057,517702,19057,5399
19059,274437,19059,3533
19061,1674378,19061,23389
19063,152318,19063,4665
19065,197967,19065,2654
19067,187502,19067,4374
19069,149098,19069,3892
19071,68061,19071,735
19073,88869,19073,727
19075,154084,19075,2773
19077,144127,19077,3880
19079,218511,19079,3388
19081,163981,19081,2843
19083,209055,19083,3315
19085,205287,19085,6936
19087,358192,19087,3610
19089,110482,19089,2432
19091,139165,19091,2245
19093,94117,19093,2961
19095,167563,19095,2653
19097,255049,19097,3508
19099,466022,19099,11106
19101,142149,19101,2442
19103,1903619,19103,9734
19105,346192,19105,5068
19107,104784,19107,2623
19109,214899,19109,3955
19111,407294,19111,4541
19113,2535934,19113,48253
19115,206847,19115,5842
19117,81547,19117,2048
19119,184868,19119,3607
19121,153353,19121,1592
19123,257335,19123,7360
19125,401030,19125,6039
19127,758068,19127,11629
19129,177424,19129,1824
19131,142392,19131,3247
19133,91635,19133,1934
19135,101765,19135,3701
19137,101733,19137,3209
19139,603339,19139,18244
19141,232927,19141,6702
19143,93629,19143,960
19145,191867,19145,1498
19147,120985,19147,1301
19149,522545,19149,9383
19151,105992,19151,1514
19153,7120247,19153,90813
19155,1251546,19155,17045
19157,187403,19157,4347
19159,50943,19159,1319
19161,150161,19161,1691
19163,2077381,19163,21441
19165,149730,19165,2843
19167,697738,19167,6481
19169,1313624,19169,5876
19171,331136,19171,12242
19173,86949,19173,1073
19175,136852,19175,2643
19177,67691,19177,1571
19179,566500,19179,18034
19181,589183,19181,5358
19183,300918,19183,5569
19185,54379,19185,2363
19187,667908,19187,8906
19189,164182,19189,4395
19191,202650,19191,2839
19193,2266250,19193,30305
19195,74687,19195,355
19197,264648,19197,2430
20001,94238,20001,162
20003,82068,20003,0
20005,181024,20005,1503
20007,37068,20007,216
20009,309365,20009,2942
20011,134316,20011,723
20013,133797,20013,2975
20015,744062,20015,4384
20017,35978,20017,461
20019,23201,20019,285
20021,259734,20021,2223
20023,39781,20023,1315
20025,31118,20025,644
20027,82463,20027,2500
20029,107402,20029,326
20031,79481,20031,3050
20033,16672,20033,681
20035,365169,20035,1674
20037,527468,20037,5513
20039,31778,20039,163
20041,168760,20041,2846
20043,100628,20043,653
20045,1024763,20045,6416
20047,32272,20047,0
20049,14674,20049,0
20051,455467,20051,5848
20053,130359,20053,493
20055,1009354,20055,8991
20057,1057971,20057,2868
20059,260184,20059,2710
20061,286736,20061,2178
20063,47813,20063,2853
20065,28676,20065,320
20067,135435,20067,2274
20069,77233,20069,986
20071,12811,20071,0
20073,59047,20073,274
20075,28703,20075,0
20077,66291,20077,1840
20079,363641,20079,4667
20081,54577,20081,175
20083,22639,20083,464
20085,157242,20085,1440
20087,165016,20087,2389
20089,21932,20089,367
20091,6120671,20091,78170
20093,71182,20093,1312
20095,74887,20095,1060
20097,26926,20097,277
20099,252292,20099,2920
20101,16151,20101,518
20103,943011,20103,6714
20105,23978,20105,318
20107,76184,20107,667
20109,35537,20109,0
20111,549785,20111,10665
20113,318445,20113,5045
20115,101189,20115,1082
20117,104884,20117,2118
20119,62350,20119,665
20121,264487,20121,1861
20123,53553,20123,0
20125,319226,20125,1563
20127,53284,20127,1066
20129,27490,20129,1178
20131,170454,20131,4862
20133,167313,20133,1384
20135,45854,20135,2117
20137,157561,20137,3333
20139,114793,20139,1045
20141,25012,20141,0
20143,57354,20143,0
20145,141775,20145,794
20147,81203,20147,2692
20149,172906,20149,1118
20151,89937,20151,2054
20153,41956,20153,631
20155,945360,20155,11889
20157,70656,20157,1253
20159,102567,20159,194
20161,759109,20161,3779
20163,68867,20163,1318
20165,46647,20165,0
20167,93995,20167,2365
20169,608100,20169,9223
20171,78125,20171,1596
20173,5922547,20173,48107
20175,668438,20175,3586
20177,1784717,20177,32765
20179,51433,20179,0
20181,72348,20181,937
20183,27043,20183,168
20185,38787,20185,890
20187,26680,20187,410
20189,77731,20189,686
20191,196623,20191,2678
20193,126844,20193,1065
20195,42790,20195,570
20197,67065,20197,996
20199,21227,20199,0
20201,52568,20201,875
20203,23406,20203,0
20205,84968,20205,1079
20207,19029,20207,0
20209,2770564,20209,46621
21001,207497,21001,8867
21003,198611,21003,3610
21005,148096,21005,1045
21007,36831,21007,433
21009,431360,21009,6104
21011,73624,21011,1183
21013,291823,21013,4400
21015,1261879,21015,10064
21017,149583,21017,918
21019,439722,21019,5217
21021,298490,21021,1605
21023,45652,21023,419
21025,86421,21025,456
21027,106881,21027,998
21029,651039,21029,5265
21031,171931,21031,4857
21033,132694,21033,1745
21035,373949,21035,4033
21037,758506,21037,7105
21039,47415,21039,342
21041,97787,21041,1405
21043,191523,21043,1857
21045,144917,21045,4915
21047,703919,21047,9809
21049,239823,21049,2982
21051,244594,21051,2557
21053,130624,21053,2656
21055,59472,21055,1106
21057,69007,21057,664
21059,962066,21059,14904
21061,96243,21061,3812
21063,103667,21063,109
21065,100187,21065,36
21067,3860241,21067,29743
21069,100592,21069,715
21071,274981,21071,2383
21073,364414,21073,3913
21075,62931,21075,790
21077,68656,21077,2804
21079,140691,21079,908
21081,193563,21081,2132
21083,442747,21083,11051
21085,218993,21085,6259
21087,125198,21087,2199
21089,328275,21089,2758
21091,76032,21091,1577
21093,923831,21093,8377
21095,246700,21095,5170
21097,140255,21097,462
21099,185813,21099,1911
21101,478196,21101,7512
21103,126621,21103,867
21105,37296,21105,635
21107,443283,21107,18901
21109,152575,21109,5528
21111,8674687,21111,134080
21113,423341,21113,5392
21115,168835,21115,1694
21117,1508253,21117,18809
21119,113107,21119,1727
21121,298752,21121,2316
21123,125307,21123,919
21125,588572,21125,2926
21127,107744,21127,933
21129,127319,21129,2134
21131,71592,21131,194
21133,152316,21133,1154
21135,119100,21135,4160
21137,198391,21137,4321
21139,71982,21139,1310
21141,292788,21141,8688
21143,52090,21143,1757
21145,608668,21145,6360
21147,159644,21147,1486
21149,85813,21149,2581
21151,908097,21151,6088
21153,93222,21153,120
21155,220527,21155,2891
21157,242876,21157,3784
21159,92953,21159,1356
21161,129028,21161,2217
21163,181781,21163,1374
21165,36866,21165,639
21167,210853,21167,1780
21169,92791,21169,1601
21171,141668,21171,3493
21173,222360,21173,2121
21175,143812,21175,25
21177,380855,21177,6743
21179,453766,21179,2923
21181,43527,21181,624
21183,267630,21183,4868
21185,678243,21185,8927
21187,61468,21187,809
21189,42736,21189,940
21191,88659,21191,121
21193,238201,21193,3207
21195,466457,21195,4974
21197,97566,21197,42
21199,569426,21199,7973
21201,18296,21201,876
21203,134500,21203,1246
21205,186416,21205,715
21207,177888,21207,4696
21209,420497,21209,3769
21211,527491,21211,7224
21213,179037,21213,3106
21215,151731,21215,645
21217,265190,21217,3219
21219,107619,21219,2691
21221,106865,21221,504
21223,55298,21223,183
21225,150338,21225,1421
21227,1843083,21227,16540
21229,129651,21229,1894
21231,193821,21231,2926
21233,125055,21233,1822
21235,393409,21235,1782
21237,41716,21237,329
21239,198091,21239,326
22001,984399,22001,31012
22003,494257,22003,14816
22005,1491674,22005,30238
22007,288803,22007,7045
22009,526663,22009,17538
22011,370458,22011,10781
22013,214910,22013,12117
22015,1555845,22015,38012
22017,3450793,22017,121455
22019,2720996,22019,61045
22021,145402,22021,2592
22023,75096,22023,638
22025,157978,22025,4352
22027,189194,22027,7662
22029,230309,22029,6769
22031,356140,22031,11639
22033,5265300,22033,141020
22035,194031,22035,2396
22037,472237,22037,20273
22039,459845,22039,10203
22041,407418,22041,14615
22043,231217,22043,7775
22045,973150,22045,27829
22047,538096,22047,19154
22049,251514,22049,8008
22051,6745896,22051,192179
22053,431566,22053,12825
22055,3137289,22055,40410
22057,1291583,22057,39474
22059,190081,22059,3887
22061,559236,22061,14803
22063,1556624,22063,26287
22065,264001,22065,3644
22067,344841,22067,8694
22069,498205,22069,11129
22071,4783579,22071,198747
22073,2507680,22073,57015
22075,306904,22075,6383
22077,359215,22077,13325
22079,1592298,22079,46604
22081,126568,22081,6426
22083,317184,22083,6153
22085,352850,22085,6269
22087,526574,22087,10096
22089,723469,22089,20296
22091,132877,22091,1117
22093,289827,22093,11906
22095,594002,22095,33672
22097,1197164,22097,41723
22099,728588,22099,19281
22101,627016,22101,23470
22103,2946202,22103,87255
22105,1693798,22105,38612
22107,51838,22107,645
22109,1292283,22109,35925
22111,354994,22111,14295
22113,671829,22113,16618
22115,378606,22115,14472
22117,603485,22117,22195
22119,512204,22119,12159
22121,344247,22121,12911
22123,154060,22123,4908
22125,201570,22125,6614
22127,225708,22127,5817
23001,479098,23001,6333
23003,94388,23003,2676
23005,1354218,23005,26690
23007,75085,23007,990
23009,76715,23009,2370
23011,299456,23011,5947
23013,57340,23013,640
23015,48905,23015,313
23017,169984,23017,3014
23019,319709,23019,5558
23021,18729,23021,99
23023,70904,23023,137
23025,111983,23025,3172
23027,63287,23027,4938
23029,55499,23029,753
23031,860061,23031,11476
24001,675286,24001,20867
24003,4566531,24003,90847
24005,7248536,24005,218680
24009,443618,24009,10882
24011,265500,24011,2268
24013,950440,24013,43003
24015,587028,24015,15527
24017,1176700,24017,32990
24019,269037,24019,4423
24021,2059166,24021,48401
24023,175759,24023,4844
24025,1490760,24025,32560
24027,2151254,24027,40764
24029,142821,24029,7974
24031,9287265,24031,286441
24033,11405786,24033,272944
24035,303414,24035,7813
24037,609958,24037,19607
24039,245156,24039,3076
24041,225241,24041,2738
24043,1251436,24043,25084
24045,894411,24045,19415
24047,410379,24047,11129
24510,6096911,24510,162501
25001,1097388,25001,63019
25003,528206,25003,28427
25005,6341562,25005,253775
25007,78876,25007,56
25009,10822159,25009,436186
25011,242196,25011,22888
25013,4938845,25013,269636
25015,763814,25015,48412
25017,14716223,25017,722398
25019,106272,25019,379
25021,5647616,25021,354122
25023,5112360,25023,262453
25025,11356297,25025,376724
25027,8075930,25027,380003
26001,45244,26001,2154
26003,58404,26003,354
26005,804962,26005,10188
26007,160238,26007,6312
26009,103417,26009,1481
26011,82043,26011,2978
26013,80774,26013,3257
26015,404291,26015,4315
26017,865902,26017,31053
26019,90274,26019,2797
26021,1400534,26021,34571
26023,709722,26023,15671
26025,1150769,26025,29894
26027,453454,26027,7905
26029,130665,26029,1644
26031,100775,26031,3901
26033,394927,26033,2951
26035,164182,26035,6587
26037,570570,26037,8139
26039,76082,26039,1609
26041,397857,26041,10293
26043,277673,26043,8167
26045,673373,26045,13546
26047,187576,26047,4517
26049,3254257,26049,131637
26051,155010,26051,3849
26053,146179,26053,4771
26055,435663,26055,6962
26057,543954,26057,11340
26059,365026,26059,12061
26061,298257,26061,3802
26063,213974,26063,5516
26065,1933907,26065,31181
26067,690783,26067,7091
26069,157304,26069,8088
26071,117955,26071,5632
26073,476372,26073,7947
26075,1778352,26075,34654
26077,1877066,26077,45225
26079,70308,26079,2030
26081,6632470,26081,92571
26083,13159,26083,227
26085,39592,26085,1003
26087,660396,26087,20120
26089,90654,26089,1093
26091,911951,26091,12151
26093,1172673,26093,16738
26095,133243,26095,103
26097,53277,26097,246
26099,8187619,26099,387564
26101,113767,26101,2098
26103,582112,26103,7936
26105,135835,26105,2370
26107,224668,26107,2200
26109,239015,26109,3510
26111,562256,26111,7503
26113,72214,26113,1535
26115,1131252,26115,22498
26117,515066,26117,8484
26119,36105,26119,1257
26121,1612021,26121,42165
26123,323836,26123,4237
26125,10554282,26125,428145
26127,263243,26127,5405
26129,114836,26129,3639
26131,45291,26131,1911
26133,112079,26133,1965
26135,40896,26135,1892
26137,166854,26137,4815
26139,2634602,26139,42389
26141,64260,26141,1915
26143,124118,26143,3360
26145,1927511,26145,71614
26147,989089,26147,31040
26149,551042,26149,8665
26151,198592,26151,7731
26153,31026,26153,481
26155,433241,26155,12730
26157,378411,26157,17326
26159,579082,26159,11235
26161,2406764,26161,47661
26163,16007312,26163,1003334
26165,141250,26165,2820
27001,128811,27001,3741
27003,4165674,27003,58892
27005,348419,27005,3973
27007,391286,27007,4869
27009,532194,27009,9522
27011,59606,27011,321
27013,785834,27013,3934
27015,255234,27015,3746
27017,336105,27017,4150
27019,917976,27019,4317
27021,243547,27021,2758
27023,171561,27023,3182
27025,556102,27025,3713
27027,912441,27027,15955
27029,80122,27029,1412
27031,12913,27031,0
27033,169273,27033,1547
27035,596968,27035,9802
27037,4453860,27037,53691
27039,175768,27039,345
27041,442370,27041,6814
27043,128700,27043,1246
27045,146209,27045,501
27047,328767,27047,2311
27049,410186,27049,7299
27051,54189,27051,1259
27053,13808300,27053,319863
27055,155742,27055,1253
27057,181210,27057,4172
27059,340723,27059,4291
27061,354067,27061,6610
27063,108032,27063,880
27065,118789,27065,2785
27067,766455,27067,6996
27069,41430,27069,1902
27071,76303,27071,1459
27073,74059,27073,1535
27075,74711,27075,1524
27077,21750,27077,188
27079,283438,27079,2211
27081,65521,27081,173
27083,414428,27083,4122
27085,394705,27085,4488
27087,51568,27087,950
27089,85057,27089,1569
27091,238229,27091,4587
27093,235247,27093,3420
27095,256681,27095,5668
27097,376206,27097,5003
27099,587404,27099,4012
27101,117240,27101,902
27103,314222,27103,6459
27105,767786,27105,6838
27107,56925,27107,931
27109,1457461,27109,11513
27111,542846,27111,6585
27113,126587,27113,1622
27115,311390,27115,1457
27117,132997,27117,3877
27119,408989,27119,6296
27121,91658,27121,427
27123,5789375,27123,127785
27125,39738,27125,519
27127,164812,27127,3329
27129,163152,27129,5054
27131,844629,27131,8588
27133,140167,27133,1457
27135,196873,27135,1495
27137,1634128,27137,29530
27139,1614759,27139,13502
27141,1035058,27141,8801
27143,138727,27143,1124
27145,2589614,27145,23769
27147,370610,27147,1326
27149,86652,27149,804
27151,105320,27151,1883
27153,344394,27153,3298
27155,30792,27155,324
27157,203331,27157,277
27159,140625,27159,1676
27161,268721,27161,2277
27163,2673099,27163,32035
27165,182554,27165,1106
27167,75785,27167,1580
27169,514018,27169,8344
27171,1453151,27171,11221
27173,119239,27173,1956
28001,342347,28001,12787
28003,356569,28003,6426
28005,144983,28005,3970
28007,299200,28007,10414
28009,114329,28009,2857
28011,626761,28011,19675
28013,208128,28013,3919
28015,164433,28015,4363
28017,280131,28017,8756
28019,87067,28019,2184
28021,157358,28021,4829
28023,228194,28023,13072
28025,240553,28025,6692
28027,383455,28027,9461
28029,429843,28029,9866
28031,334735,28031,9981
28033,2479666,28033,26293
28035,976469,28035,23741
28037,92805,28037,1880
28039,303671,28039,5826
28041,160983,28041,5270
28043,371279,28043,11400
28045,351777,28045,10199
28047,1884406,28047,29566
28049,2634981,28049,53760
28051,342263,28051,16566
28053,136978,28053,4977
28055,26858,28055,928
28057,365753,28057,9205
28059,1543589,28059,28731
28061,255069,28061,5639
28063,90330,28063,3247
28065,137622,28065,4212
28067,1014128,28067,23967
28069,126467,28069,4893
28071,760003,28071,14045
28073,737318,28073,11162
28075,908114,28075,40132
28077,172497,28077,3289
28079,388078,28079,11703
28081,1226611,28081,23034
28083,505977,28083,24322
28085,472565,28085,17832
28087,716306,28087,18575
28089,1303507,28089,29226
28091,330400,28091,11991
28093,498456,28093,10304
28095,524720,28095,21231
28097,177433,28097,5781
28099,598778,28099,32373
28101,305255,28101,7435
28103,193741,28103,4752
28105,626146,28105,15754
28107,564565,28107,11986
28109,455924,28109,19397
28111,157158,28111,5527
28113,435530,28113,15244
28115,521581,28115,7612
28117,346116,28117,7315
28119,118193,28119,1570
28121,1517854,28121,30012
28123,453530,28123,9116
28125,77218,28125,3128
28127,379381,28127,12377
28129,204720,28129,5097
28131,192798,28131,3686
28133,473110,28133,12968
28135,242557,28135,6021
28137,410006,28137,11230
28139,327763,28139,8454
28141,268917,28141,9679
28143,151071,28143,4099
28145,463678,28145,8828
28147,196251,28147,6992
28149,531495,28149,16332
28151,779135,28151,22488
28153,345063,28153,6597
28155,136818,28155,4482
28157,102988,28157,5607
28159,308925,28159,8785
28161,184694,28161,5747
28163,410071,28163,9234
29001,254852,29001,1362
29003,158512,29003,1988
29005,36267,29005,583
29007,274459,29007,4950
29009,277854,29009,4914
29011,119800,29011,1081
29013,114978,29013,2070
29015,171738,29015,2356
29017,143494,29017,1431
29019,2130619,29019,7784
29021,1304786,29021,18184
29023,415782,29023,2800
29025,74266,29025,851
29027,519951,29027,3457
29029,479587,29029,9377
29031,1107195,29031,15783
29033,94656,29033,1912
29035,53727,29035,1095
29037,850811,29037,10267
29039,80771,29039,1277
29041,45860,29041,327
29043,917326,29043,6706
29045,52974,29045,581
29047,1086858,29047,17842
29049,179338,29049,7067
29051,1070649,29051,11908
29053,216355,29053,2268
29055,238232,29055,2843
29057,76587,29057,3441
29059,106680,29059,2144
29061,68774,29061,1221
29063,108613,29063,2540
29065,95018,29065,1249
29067,93797,29067,2854
29069,332192,29069,2911
29071,995699,29071,18364
29073,99563,29073,4978
29075,88835,29075,3369
29077,3225625,29077,45846
29079,98313,29079,3360
29081,89740,29081,1168
29083,195530,29083,3484
29085,62571,29085,1241
29087,46273,29087,960
29089,91216,29089,542
29091,341641,29091,4837
29093,52029,29093,219
29095,3712532,29095,44558
29097,1001085,29097,13328
29099,2505276,29099,25573
29101,502531,29101,4189
29103,23765,29103,243
29105,363215,29105,6639
29107,306077,29107,6055
29109,348886,29109,7252
29111,77249,29111,695
29113,506145,29113,2940
29115,63888,29115,1607
29117,163509,29117,3200
29119,396532,29119,4423
29121,129043,29121,1024
29123,165856,29123,1482
29125,64574,29125,680
29127,337356,29127,4348
29129,19099,29129,161
29131,287918,29131,5072
29133,166818,29133,2137
29135,217488,29135,3165
29137,70672,29137,821
29139,68031,29139,1064
29141,204360,29141,3356
29143,246793,29143,5419
29145,591397,29145,7734
29147,346239,29147,2826
29149,78154,29149,279
29151,165249,29151,1161
29153,61534,29153,833
29155,210677,29155,4127
29157,283805,29157,2855
29159,625968,29159,8539
29161,341090,29161,11237
29163,174585,29163,2277
29165,373982,29165,4734
29167,379877,29167,4837
29169,364597,29169,4257
29171,26426,29171,301
29173,90732,29173,842
29175,220179,29175,2356
29177,157432,29177,1599
29179,51511,29179,367
29181,99312,29181,1260
29183,4421921,29183,57946
29185,62553,29185,571
29186,187948,29186,1175
29187,975720,29187,10088
29189,11432989,29189,300060
29195,342713,29195,4010
29197,27803,29197,174
29199,31187,29199,443
29201,499714,29201,9685
29203,63267,29203,1334
29205,42312,29205,507
29207,300774,29207,5334
29209,241698,29209,3622
29211,108883,29211,1257
29213,583279,29213,9609
29215,187487,29215,2111
29217,149299,29217,2822
29219,305667,29219,2240
29221,257541,29221,5242
29223,99409,29223,868
29225,360539,29225,5265
29227,15927,29227,81
29229,164638,29229,2732
29510,3016898,29510,71973
30001,103115,30001,865
30003,345084,30003,9885
30005,83397,30005,2677
30007,39997,30007,283
30009,99695,30009,981
30011,17425,30011,536
30013,862162,30013,13961
30015,49450,30015,467
30017,130388,30017,1499
30019,19464,30019,677
30021,116844,30021,2747
30023,122319,30023,1311
30025,33004,30025,177
30027,110684,30027,1723
30029,1211672,30029,8447
30031,1377669,30031,5039
30033,10300,30033,221
30035,203391,30035,3280
30037,5839,30037,92
30039,22949,30039,201
30041,226526,30041,4682
30043,100835,30043,523
30045,9630,30045,46
30047,216097,30047,2432
30049,614923,30049,5304
30051,13501,30051,124
30053,152849,30053,1605
30055,19532,30055,19
30057,78975,30057,740
30059,16857,30059,990
30061,19664,30061,7
30063,888467,30063,8021
30065,36018,30065,845
30067,119913,30067,679
30069,1312,30069,102
30071,60845,30071,1339
30073,53044,30073,377
30075,14032,30075,758
30077,96551,30077,605
30079,14881,30079,196
30081,275398,30081,2905
30083,116302,30083,1577
30085,204724,30085,6388
30087,173095,30087,5091
30089,57770,30089,733
30091,43607,30091,476
30093,382484,30093,6166
30095,76831,30095,1299
30097,40924,30097,803
30099,42334,30099,499
30101,98176,30101,2343
30103,6096,30103,137
30105,95144,30105,1096
30107,19234,30107,743
30109,14274,30109,489
30111,2018301,30111,27032
31001,354867,31001,5993
31003,58225,31003,639
31005,2403,31005,21
31007,3221,31007,0
31009,2106,31009,0
31011,58059,31011,371
31013,102160,31013,918
31015,21797,31015,316
31017,26731,31017,183
31019,645914,31019,6409
31021,71679,31021,929
31023,105030,31023,1245
31025,250244,31025,1661
31027,76359,31027,960
31029,49235,31029,347
31031,32492,31031,857
31033,92790,31033,1350
31035,76304,31035,953
31037,306890,31037,2830
31039,116209,31039,1054
31041,94332,31041,2602
31043,809240,31043,14150
31045,80593,31045,2034
31047,482269,31047,4788
31049,8994,31049,52
31051,71225,31051,1050
31053,624645,31053,6995
31055,8521382,31055,85939
31057,15437,31057,506
31059,55843,31059,1019
31061,29101,31061,305
31063,19775,31063,126
31065,50898,31065,670
31067,243741,31067,2409
31069,12927,31069,68
31071,16353,31071,345
31073,23339,31073,320
31075,3064,31075,346
31077,23473,31077,156
31079,1074299,31079,20252
31081,109487,31081,4323
31083,23490,31083,0
31085,6795,31085,0
31087,23139,31087,289
31089,91234,31089,1590
31091,6869,31091,230
31093,67184,31093,2221
31095,67690,31095,71
31097,66600,31097,633
31099,85681,31099,394
31101,72675,31101,325
31103,4744,31103,0
31105,41296,31105,585
31107,96646,31107,812
31109,3480415,31109,22154
31111,409861,31111,4511
31113,8010,31113,0
31115,4522,31115,0
31117,3385,31117,57
31119,575260,31119,5367
31121,85845,31121,1252
31123,59235,31123,1268
31125,45109,31125,855
31127,68869,31127,1003
31129,39783,31129,108
31131,142327,31131,464
31133,20660,31133,88
31135,29298,31135,2149
31137,105877,31137,887
31139,74360,31139,2686
31141,586500,31141,5204
31143,67906,31143,2094
31145,120922,31145,869
31147,66806,31147,1636
31149,14523,31149,280
31151,326131,31151,695
31153,2369159,31153,12532
31155,266523,31155,1709
31157,539645,31157,8229
31159,220110,31159,2666
31161,51510,31161,1333
31163,21483,31163,615
31165,4388,31165,0
31167,42106,31167,699
31169,49173,31169,309
31171,5983,31171,43
31173,117052,31173,1438
31175,35073,31175,332
31177,229007,31177,2364
31179,121288,31179,735
31181,36893,31181,426
31183,3372,31183,0
31185,192557,31185,1285
32001,186276,32001,4593
32003,28998829,32003,489169
32005,259453,32005,2407
32007,557684,32007,5181
32009,3297,32009,0
32011,5283,32011,0
32013,113105,32013,1949
32015,52846,32015,959
32017,35089,32017,125
32019,301413,32019,5755
32021,25873,32021,471
32023,315620,32023,8370
32027,74128,32027,1223
32029,9028,32029,225
32031,5362539,32031,80317
32033,54620,32033,548
32510,610918,32510,9462
33001,262817,33001,7390
33003,142184,33003,642
33005,208720,33005,1937
33007,99050,33007,2329
33009,197442,33009,1378
33011,3013870,33011,102172
33013,684561,33013,12463
33015,1761332,33015,36006
33017,573454,33017,7461
33019,94031,33019,1436
34001,2570507,34001,91375
34003,10918093,34003,665882
34005,4113161,34005,159591
34007,5486663,34007,206568
34009,676075,34009,32593
34011,1762093,34011,56372
34013,10518896,34013,688684
34015,2663782,34015,87017
34017,10048891,34017,491844
34019,791612,34019,37832
34021,4041381,34021,203563
34023,9793080,34023,465630
34025,6651482,34025,289141
34027,4513409,34027,270937
34029,6970086,34029,360180
34031,8838309,34031,405470
34033,555766,34033,28764
34035,2953191,34035,186369
34037,962901,34037,64155
34039,8559159,34039,441543
34041,831883,34041,54044
35001,5784714,35001,96724
35003,8155,35003,550
35005,972826,35005,12959
35006,427667,35006,11957
35007,76729,35007,3142
35009,595994,35009,6156
35011,11448,35011,1
35013,2648539,35013,40765
35015,659205,35015,10606
35017,132733,35017,2527
35019,60396,35019,751
35021,1102,35021,0
35023,44529,35023,977
35025,970144,35025,13302
35027,160846,35027,1733
35028,42381,35028,173
35029,354689,35029,6616
35031,1873691,35031,81088
35033,13897,35033,380
35035,587085,35035,6595
35037,48444,35037,1048
35039,339465,35039,6519
35041,210213,35041,4295
35043,1194473,35043,23381
35045,1757380,35045,71316
35047,115083,35047,651
35049,1047048,35049,11043
35051,71051,35051,3632
35053,130368,35053,6024
35055,160553,35055,4750
35057,81211,35057,978
35059,42921,35059,999
35061,678765,35061,8114
36001,2109315,36001,54564
36003,256043,36003,8758
36007,1425028,36007,41864
36009,372015,36009,7345
36011,426131,36011,5931
36013,598479,36013,7355
36015,659873,36015,12039
36017,221411,36017,4971
36019,243334,36019,2541
36021,355657,36021,17124
36023,287587,36023,4330
36025,128481,36025,2584
36027,2655363,36027,64709
36029,7138051,36029,261125
36031,114179,36031,3165
36033,134240,36033,1179
36035,266736,36035,10045
36037,394102,36037,9095
36039,258012,36039,6756
36041,19602,36041,241
36043,370011,36043,7239
36045,329641,36045,3216
36049,149700,36049,2686
36051,290361,36051,4830
36053,380940,36053,7954
36055,5179587,36055,124899
36057,244757,36057,8135
36059,21390258,36059,804709
36063,1448823,36063,38975
36065,1927761,36065,55559
36067,3361250,36067,84242
36069,509569,36069,12233
36071,5501614,36071,144047
36073,242620,36073,16467
36075,522403,36075,6313
36077,209056,36077,3578
36079,957176,36079,21357
36083,786129,36083,18470
36087,6593735,36087,171832
36089,408826,36089,6365
36091,1007804,36091,10690
36093,1026542,36093,21156
36095,97355,36095,903
36097,77965,36097,1049
36099,131482,36099,3952
36101,528855,36101,20705
36103,22269613,36103,699089
36105,708909,36105,12222
36107,277762,36107,10319
36109,332619,36109,2668
36111,1199843,36111,31837
36113,260709,36113,10476
36115,205356,36115,5596
36117,394422,36117,5295
36119,16890939,36119,516115
36121,225214,36121,4295
36123,88677,36123,2977
37001,1818179,37001,26059
37003,397882,37003,5522
37005,105830,37005,348
37007,257682,37007,4431
37009,192226,37009,2968
37011,203115,37011,1676
37013,449633,37013,9767
37015,219047,37015,4993
37017,360281,37017,4951
37019,831486,37019,14015
37021,1597074,37021,36668
37023,1081598,37023,16517
37025,1979920,37025,28743
37027,953375,37027,6704
37029,55699,37029,856
37031,442054,37031,3573
37033,210119,37033,1916
37035,1839664,37035,27184
37037,621575,37037,17144
37039,238567,37039,3005
37041,151841,37041,2881
37043,69583,37043,1158
37045,1121013,37045,24823
37047,669248,37047,20235
37049,853001,37049,14992
37051,2550202,37051,31027
37053,114894,37053,1430
37055,182140,37055,1034
37057,1529789,37057,16522
37059,353753,37059,2977
37061,877316,37061,17495
37063,3018689,37063,33369
37065,577071,37065,14547
37067,3593130,37067,40319
37069,579609,37069,9709
37071,2647381,37071,41523
37073,64742,37073,1627
37075,65435,37075,1684
37077,691101,37077,13851
37079,271052,37079,4613
37081,4387756,37081,70200
37083,535564,37083,9413
37085,1057600,37085,20540
37087,363979,37087,10640
37089,968551,37089,22827
37091,254889,37091,8934
37093,504337,37093,6654
37095,62224,37095,1009
37097,1639288,37097,16911
37099,364603,37099,3750
37101,2088684,37101,23815
37103,74132,37103,3168
37105,694688,37105,7583
37107,570866,37107,12604
37109,908663,37109,5961
37111,519542,37111,7985
37113,282984,37113,2021
37115,123564,37115,2862
37117,230675,37117,4734
37119,11989888,37119,122349
37121,124319,37121,1506
37123,382279,37123,10123
37125,850657,37125,16225
37127,1079571,37127,19989
37129,1788724,37129,15130
37131,206679,37131,6219
37133,1425515,37133,12290
37135,980435,37135,17907
37137,99093,37137,915
37139,327255,37139,10512
37141,499799,37141,4729
37143,92548,37143,1086
37145,281440,37145,4772
37147,1999717,37147,10852
37149,141587,37149,3241
37151,1471504,37151,23812
37153,473797,37153,9141
37155,1859960,37155,28124
37157,731735,37157,5711
37159,1644342,37159,36447
37161,714941,37161,20912
37163,896409,37163,10702
37165,437167,37165,8221
37167,787861,37167,16079
37169,337684,37169,5317
37171,767159,37171,12572
37173,114641,37173,1499
37175,173743,37175,2390
37177,38693,37177,781
37179,2260875,37179,22660
37181,495304,37181,15213
37183,8386169,37183,74590
37185,183236,37185,2361
37187,96132,37187,2986
37189,427104,37189,2321
37191,1434304,37191,27695
37193,688220,37193,12461
37195,1011696,37195,19989
37197,410960,37197,4647
37199,145218,37199,1375
38001,28800,38001,190
38003,162767,38003,2974
38005,145587,38005,2527
38007,7342,38007,0
38009,84122,38009,2899
38011,41744,38011,517
38013,28429,38013,201
38015,1994711,38015,23546
38017,3046519,38017,33003
38019,53360,38019,481
38021,90572,38021,3756
38023,18903,38023,257
38025,53063,38025,1003
38027,58816,38027,820
38029,59644,38029,1723
38031,70430,38031,2026
38033,30588,38033,116
38035,1349836,38035,9060
38037,23607,38037,881
38039,39967,38039,317
38041,38398,38041,488
38043,33635,38043,1023
38045,63172,38045,2127
38047,29471,38047,895
38049,72082,38049,2893
38051,44133,38051,1137
38053,152550,38053,1411
38055,162960,38055,3356
38057,137076,38057,1065
38059,676356,38059,12821
38061,174479,38061,2170
38063,56407,38063,1441
38065,20374,38065,272
38067,92929,38067,1083
38069,61957,38069,2259
38071,196391,38071,2883
38073,74666,38073,1501
38075,37947,38075,1309
38077,207045,38077,1810
38079,240163,38079,3136
38081,52378,38081,691
38083,13386,38083,245
38085,87100,38085,1438
38087,4375,38087,0
38089,622297,38089,7141
38091,21651,38091,207
38093,411075,38093,8274
38095,35365,38095,1318
38097,121413,38097,1994
38099,220932,38099,2506
38101,1135557,38101,21347
38103,52592,38103,754
38105,566072,38105,4406
39001,193574,39001,2616
39003,1173599,39003,25980
39005,353269,39005,6137
39007,584195,39007,18010
39009,477728,39009,1963
39011,507898,39011,8506
39013,524149,39013,10176
39015,331587,39015,2713
39017,3860900,39017,43600
39019,166095,39019,2995
39021,276276,39021,3263
39023,1334232,39023,30031
39025,1731860,39025,15727
39027,323567,39027,5763
39029,1023330,39029,28302
39031,236833,39031,4040
39033,354500,39033,7945
39035,10806679,39035,222733
39037,577839,39037,16757
39039,364314,39039,9153
39041,1666116,39041,12306
39043,701267,39043,19443
39045,1508586,39045,16880
39047,259147,39047,3957
39049,13635816,39049,186261
39051,365112,39051,5417
39053,214323,39053,4056
39055,613274,39055,16482
39057,1366882,39057,19167
39059,269301,39059,3771
39061,8218214,39061,111274
39063,625236,39063,10868
39065,249430,39065,5980
39067,87656,39067,1785
39069,253044,39069,6294
39071,301828,39071,3499
39073,189872,39073,4623
39075,298805,39075,8925
39077,478248,39077,7331
39079,283556,39079,4377
39081,440281,39081,7648
39083,373543,39083,5816
39085,1788874,39085,25151
39087,517558,39087,7912
39089,1535406,39089,22531
39091,339289,39091,4176
39093,2149258,39093,40103
39095,4118116,39095,129709
39097,451092,39097,5506
39099,2211803,39099,90771
39101,1386128,39101,19399
39103,1329358,39103,22591
39105,124433,39105,3167
39107,599918,39107,11964
39109,1102752,39109,20036
39111,113412,39111,6288
39113,5221427,39113,72029
39115,86921,39115,2662
39117,262278,39117,1298
39119,732751,39119,5996
39121,128799,39121,3965
39123,346819,39123,9558
39125,159164,39125,2361
39127,255846,39127,3448
39129,1236379,39129,15138
39131,199737,39131,1509
39133,1075360,39133,25223
39135,374175,39135,5888
39137,466177,39137,11993
39139,1006551,39139,14897
39141,648451,39141,13436
39143,486897,39143,10212
39145,573085,39145,6936
39147,464660,39147,7774
39149,475678,39149,4803
39151,2867021,39151,77441
39153,4119934,39153,116325
39155,1542889,39155,52172
39157,876304,39157,20738
39159,504832,39159,3273
39161,221987,39161,4599
39163,72946,39163,1698
39165,2308069,39165,24701
39167,413597,39167,9903
39169,839239,39169,29802
39171,298921,39171,6091
39173,1243221,39173,29301
39175,214049,39175,5959
40001,329187,40001,3339
40003,107041,40003,401
40005,186588,40005,739
40007,46444,40007,413
40009,288983,40009,3467
40011,97448,40011,601
40013,620588,40013,5105
40015,441205,40015,8226
40017,1637607,40017,8732
40019,495998,40019,4106
40021,575966,40021,3605
40023,176770,40023,1217
40025,15664,40025,81
40027,3153305,40027,33642
40029,67733,40029,767
40031,1158289,40031,11189
40033,60824,40033,1578
40035,215827,40035,926
40037,670042,40037,12742
40039,433053,40039,4845
40041,479607,40041,9778
40043,53562,40043,461
40045,35218,40045,114
40047,841683,40047,8023
40049,350030,40049,3747
40051,614668,40051,6722
40053,51685,40053,683
40055,65706,40055,2902
40057,30317,40057,99
40059,42602,40059,415
40061,136867,40061,1253
40063,133694,40063,1745
40065,372104,40065,5620
40067,61312,40067,588
40069,128835,40069,1546
40071,488400,40071,7567
40073,213374,40073,1810
40075,79398,40075,1509
40077,83546,40077,1027
40079,573335,40079,5527
40081,317860,40081,5690
40083,385897,40083,1940
40085,141671,40085,735
40087,554067,40087,4675
40089,514458,40089,10270
40091,204270,40091,3210
40093,97682,40093,837
40095,175853,40095,1046
40097,404817,40097,4779
40099,173061,40099,1555
40101,984076,40101,10421
40103,133484,40103,1133
40105,109335,40105,1522
40107,191778,40107,2301
40109,9310283,40109,82874
40111,418635,40111,4457
40113,496324,40113,5968
40115,421875,40115,4641
40117,167530,40117,2673
40119,972560,40119,4716
40121,473811,40121,5139
40123,458577,40123,3833
40125,834406,40125,6801
40127,103580,40127,1234
40129,38308,40129,880
40131,1043698,40131,15448
40133,292606,40133,3452
40135,425075,40135,3788
40137,435340,40137,4880
40139,578884,40139,3473
40141,78930,40141,1466
40143,8126461,40143,77333
40145,794300,40145,11095
40147,542492,40147,15227
40149,101429,40149,564
40151,118563,40151,658
40153,366828,40153,1564
41001,66774,41001,799
41003,219919,41003,2587
41005,1511876,41005,23150
41007,90845,41007,389
41009,126740,41009,1720
41011,125504,41011,1303
41013,69060,41013,1440
41015,37308,41015,499
41017,611319,41017,5177
41019,217323,41019,4899
41021,5600,41021,93
41023,22374,41023,111
41025,21683,41025,393
41027,125519,41027,1937
41029,856194,41029,9147
41031,233638,41031,3114
41033,193619,41033,3522
41035,271718,41035,3788
41037,31792,41037,450
41039,1025345,41039,12534
41041,173232,41041,3455
41043,385627,41043,6906
41045,510586,41045,8756
41047,2287908,41047,38934
41049,156987,41049,1682
41051,3917194,41051,67949
41053,319980,41053,6212
41055,6705,41055,0
41057,41486,41057,126
41059,1064196,41059,12048
41061,183115,41061,1856
41063,15442,41063,524
41065,141950,41065,3478
41067,2517929,41067,26091
41069,1828,41069,70
41071,420685,41071,7127
42001,684895,42001,15444
42003,8021531,42003,188019
42005,471387,42005,11496
42007,1270025,42007,50470
42009,372565,42009,11340
42011,4148119,42011,147663
42013,1011742,42013,23826
42015,412562,42015,7728
42017,5208657,42017,218589
42019,1289127,42019,30329
42021,1090768,42021,30709
42023,19894,42023,460
42025,451575,42025,17059
42027,1359043,42027,18675
42029,3574239,42029,131030
42031,250469,42031,6168
42033,532215,42033,7802
42035,249807,42035,4773
42037,490448,42037,16960
42039,579761,42039,10380
42041,1564365,42041,50848
42043,2271588,42043,69192
42045,5506388,42045,262360
42047,190702,42047,2759
42049,1614226,42049,32661
42051,927856,42051,18092
42053,83291,42053,1127
42055,1319496,42055,35695
42057,95950,42057,1518
42059,233509,42059,2337
42061,441103,42061,11690
42063,551959,42063,14960
42065,241035,42065,6044
42067,187890,42067,7226
42069,1572248,42069,76017
42071,4746506,42071,169700
42073,584799,42073,18662
42075,1442314,42075,30843
42077,3570530,42077,126611
42079,2852418,42079,94060
42081,803473,42081,21074
42083,230278,42083,4163
42085,782685,42085,20329
42087,430463,42087,13457
42089,1122483,42089,48182
42091,6565364,42091,304495
42093,170216,42093,4783
42095,2935521,42095,109984
42097,758488,42097,34175
42099,249552,42099,6475
42101,17422983,42101,626243
42103,306992,42103,8552
42105,77201,42105,1637
42107,1195911,42107,41737
42109,276856,42109,6810
42111,587529,42111,12916
42113,23820,42113,844
42115,183635,42115,9664
42117,229799,42117,7901
42119,448503,42119,6575
42121,292290,42121,5855
42123,171242,42123,6098
42125,1292484,42125,22284
42127,261783,42127,5807
42129,2602457,42129,63470
42131,110959,42131,5151
42133,3487776,42133,76111
44001,388141,44001,11762
44003,1543262,44003,43323
44005,450867,44005,2843
44007,10217787,44007,310031
44009,723399,44009,25877
45001,244746,45001,4525
45003,1644886,45003,25682
45005,112679,45005,2190
45007,2119701,45007,54836
45009,197682,45009,8216
45011,271284,45011,5929
45013,1947896,45013,24820
45015,1895391,45015,25961
45017,159181,45017,4740
45019,5178245,45019,71014
45021,551290,45021,15712
45023,421339,45023,7931
45025,481346,45025,12590
45027,393840,45027,19955
45029,400161,45029,14233
45031,873776,45031,19681
45033,448764,45033,11851
45035,1667393,45035,25486
45037,296996,45037,5202
45039,281307,45039,11459
45041,1977028,45041,56656
45043,754864,45043,16219
45045,6956953,45045,107942
45047,836446,45047,19595
45049,217951,45049,7013
45051,4118039,45051,68867
45053,276250,45053,5903
45055,798654,45055,15520
45057,975039,45057,17241
45059,706757,45059,18657
45061,251078,45061,10484
45063,3212931,45063,58043
45065,92345,45065,2286
45067,372685,45067,11728
45069,365425,45069,5014
45071,521704,45071,12042
45073,878854,45073,11557
45075,1083061,45075,32254
45077,1725597,45077,25221
45079,5233655,45079,75165
45081,218765,45081,5762
45083,3567522,45083,76492
45085,1176303,45085,25015
45087,278075,45087,6875
45089,474761,45089,13408
45091,2713056,45091,33006
46003,60116,46003,1193
46005,416500,46005,5750
46007,50021,46007,1092
46009,198132,46009,2601
46011,440542,46011,3586
46013,672053,46013,7452
46015,90535,46015,897
46017,68215,46017,1678
46019,117393,46019,2265
46021,16909,46021,371
46023,155932,46023,1488
46025,42963,46025,341
46027,245996,46027,1940
46029,488516,46029,8268
46031,63037,46031,1124
46033,96847,46033,1280
46035,364572,46035,6549
46037,72166,46037,2375
46039,57579,46039,726
46041,163784,46041,1661
46043,53210,46043,1029
46045,53326,46045,765
46047,64601,46047,1739
46049,48405,46049,1497
46051,111927,46051,3364
46053,68249,46053,3272
46055,28835,46055,875
46057,82075,46057,3400
46059,42618,46059,443
46061,41892,46061,411
46063,11620,46063,77
46065,282676,46065,3679
46067,93732,46067,2180
46069,17612,46069,74
46071,34881,46071,1409
46073,42627,46073,2274
46075,9906,46075,2
46077,72518,46077,1506
46079,145718,46079,2438
46081,341503,46081,4164
46083,981237,46083,8437
46085,83160,46085,1485
46087,92845,46087,2623
46089,26581,46089,300
46091,33927,46091,534
46093,317591,46093,3306
46095,30217,46095,223
46097,33744,46097,814
46099,4005238,46099,44434
46101,75749,46101,1693
46102,270365,46102,4631
46103,1590963,46103,20865
46105,36865,46105,1025
46107,42572,46107,288
46109,138819,46109,3634
46111,41181,46111,323
46115,97015,46115,2560
46117,38774,46117,190
46119,15669,46119,334
46121,155510,46121,3037
46123,86196,46123,1405
46125,137384,46125,6120
46127,248780,46127,4554
46129,87309,46129,1784
46135,334305,46135,3068
46137,40478,46137,959
47001,814885,47001,11848
47003,716748,47003,11129
47005,173807,47005,4247
47007,340292,47007,1426
47009,1477838,47009,16403
47011,1448355,47011,12157
47013,392129,47013,5208
47015,191781,47015,1951
47017,408931,47017,8451
47019,653116,47019,14690
47021,444910,47021,4447
47023,241967,47023,4943
47025,263343,47025,4117
47027,123712,47027,3435
47029,434547,47029,7660
47031,707972,47031,10378
47033,252774,47033,6031
47035,668478,47035,10229
47037,12127784,47037,112748
47039,203006,47039,3496
47041,306706,47041,5347
47043,701955,47043,9428
47045,672123,47045,10899
47047,561307,47047,8253
47049,272143,47049,4175
47051,516639,47051,7983
47053,752596,47053,14644
47055,394560,47055,10451
47057,256205,47057,3874
47059,783301,47059,16056
47061,184369,47061,3177
47063,932252,47063,15929
47065,4774587,47065,47205
47067,52509,47067,1030
47069,518536,47069,8640
47071,419518,47071,6955
47073,538825,47073,9572
47075,363721,47075,7156
47077,458579,47077,7800
47079,340073,47079,6313
47081,295340,47081,4257
47083,122918,47083,3481
47085,168821,47085,2184
47087,150032,47087,2878
47089,605119,47089,9740
47091,293207,47091,3910
47093,5129572,47093,51861
47095,315041,47095,2128
47097,425646,47097,5344
47099,640966,47099,8659
47101,160895,47101,2488
47103,440388,47103,4799
47105,640314,47105,5762
47107,655224,47107,12471
47109,336416,47109,6613
47111,451234,47111,8236
47113,1246391,47113,25633
47115,297331,47115,4577
47117,432344,47117,4941
47119,1389259,47119,16018
47121,138239,47121,2220
47123,574489,47123,9699
47125,1828963,47125,21162
47127,100254,47127,1069
47129,219899,47129,2439
47131,557165,47131,10099
47133,344116,47133,6087
47135,116755,47135,3000
47137,83981,47137,2491
47139,189754,47139,3107
47141,1414863,47141,19658
47143,478636,47143,7220
47145,614464,47145,8043
47147,1066754,47147,13728
47149,4610498,47149,43151
47151,262361,47151,3266
47153,160369,47153,2057
47155,1371658,47155,12961
47157,12241203,47157,185359
47159,325807,47159,4287
47161,132949,47161,2768
47163,1541712,47163,26131
47165,2533994,47165,41143
47167,884494,47167,9890
47169,562854,47169,2952
47171,201726,47171,4727
47173,185077,47173,2284
47175,83258,47175,1139
47177,610282,47177,6287
47179,1455608,47179,23546
47181,414309,47181,2792
47183,479482,47183,7255
47185,406184,47185,6047
47187,2876799,47187,21571
47189,1915424,47189,22455
48001,921695,48001,11655
48003,221396,48003,4510
48005,992818,48005,28567
48007,125531,48007,4851
48009,75304,48009,883
48011,14569,48011,600
48013,507960,48013,12942
48015,194407,48015,2988
48017,109425,48017,1998
48019,102870,48019,2614
48021,800208,48021,9721
48023,26465,48023,1045
48025,505950,48025,8861
48027,2384194,48027,33971
48029,22569461,48029,376012
48031,62211,48031,1852
48033,1892,48033,69
48035,149776,48035,3140
48037,705661,48037,24742
48039,4035692,48039,49520
48041,2673473,48041,27379
48043,122038,48043,1300
48045,13099,48045,435
48047,100859,48047,5208
48049,442961,48049,13749
48051,192231,48051,2976
48053,387464,48053,5484
48055,552258,48055,10233
48057,248462,48057,2509
48059,101293,48059,3193
48061,6164076,48061,241450
48063,142662,48063,4352
48065,36338,48065,1031
48067,197497,48067,8280
48069,120225,48069,2809
48071,524558,48071,5078
48073,531473,48073,12887
48075,148885,48075,1056
48077,93289,48077,1508
48079,30681,48079,1216
48081,49600,48081,1576
48083,62113,48083,2338
48085,8134455,48085,72446
48087,24447,48087,653
48089,183830,48089,2200
48091,1195191,48091,35922
48093,145633,48093,3979
48095,37098,48095,649
48097,325283,48097,5078
48099,703577,48099,6221
48101,19634,48101,1023
48103,61248,48103,1817
48105,72699,48105,1953
48107,52542,48107,2908
48109,39492,48109,792
48111,95520,48111,3087
48113,35211585,48113,416632
48115,225719,48115,7437
48117,411638,48117,9722
48119,24133,48119,575
48121,6601057,48121,66396
48123,285599,48123,9507
48125,18133,48125,953
48127,128748,48127,2276
48129,39471,48129,984
48131,149931,48131,4999
48133,119193,48133,3048
48135,2043472,48135,38406
48137,27265,48137,460
48139,2187964,48139,30688
48141,15565086,48141,265811
48143,438246,48143,5989
48145,197473,48145,2878
48147,322051,48147,9278
48149,222280,48149,6773
48151,35270,48151,1375
48153,76774,48153,3600
48155,10204,48155,608
48157,6656671,48157,82680
48159,74965,48159,2406
48161,169989,48161,3327
48163,325605,48163,3434
48165,181562,48165,4292
48167,4314040,48167,48968
48169,44637,48169,2458
48171,217243,48171,4185
48173,10488,48173,139
48175,51094,48175,1655
48177,338802,48177,5718
48179,241627,48179,5152
48181,1130859,48181,28397
48183,1224335,48183,30833
48185,399201,48185,9217
48187,1349716,48187,22759
48189,842893,48189,20913
48191,34813,48191,1187
48193,76762,48193,2502
48195,84177,48195,2335
48197,34009,48197,1063
48199,563597,48199,10734
48201,47053289,48201,730041
48203,485272,48203,14092
48205,55281,48205,617
48207,42584,48207,1731
48209,2310088,48209,25093
48211,57346,48211,192
48213,599320,48213,14274
48215,10144485,48215,433050
48217,372819,48217,7035
48219,268898,48219,10427
48221,594980,48221,12435
48223,294465,48223,10632
48225,184211,48225,4249
48227,496870,48227,9503
48229,54022,48229,1178
48231,675355,48231,15688
48233,164581,48233,6146
48235,9753,48235,62
48237,66345,48237,1319
48239,205874,48239,4096
48241,242413,48241,8716
48243,14975,48243,128
48245,2618727,48245,45905
48247,61468,48247,1618
48249,503001,48249,11551
48251,1797147,48251,29135
48253,375855,48253,3624
48255,248807,48255,4298
48257,1549406,48257,21802
48259,235857,48259,5181
48261,3702,48261,393
48263,7420,48263,114
48265,373492,48265,7071
48267,25310,48267,723
48269,968,48269,0
48271,29865,48271,504
48273,308542,48273,11431
48275,31247,48275,2123
48277,647098,48277,16664
48279,230095,48279,9830
48281,150769,48281,2780
48283,121921,48283,2874
48285,316948,48285,10077
48287,159084,48287,4897
48289,138624,48289,3748
48291,778582,48291,17939
48293,242626,48293,5419
48295,31143,48295,920
48297,136046,48297,2461
48299,113355,48299,2885
48301,113,48301,0
48303,6289048,48303,87032
48305,73845,48305,2423
48307,66083,48307,1639
48309,3242163,48309,48813
48311,8971,48311,314
48313,233490,48313,2712
48315,59257,48315,3737
48317,65515,48317,2360
48319,42311,48319,513
48321,380142,48321,13539
48323,1272345,48323,37341
48325,493918,48325,12285
48327,23555,48327,544
48329,1893676,48329,31794
48331,236849,48331,3127
48333,47331,48333,1558
48335,68574,48335,2181
48337,187525,48337,5323
48339,4917165,48339,54958
48341,432500,48341,9186
48343,88358,48343,2077
48345,8573,48345,542
48347,564087,48347,21098
48349,683693,48349,12428
48351,68422,48351,3469
48353,169667,48353,3989
48355,5903314,48355,110846
48357,123798,48357,2489
48359,19979,48359,543
48361,845109,48361,13524
48363,291762,48363,7339
48365,183358,48365,9947
48367,1356824,48367,16454
48369,177949,48369,4956
48371,189693,48371,3427
48373,391627,48373,10081
48375,2587623,48375,46409
48377,81408,48377,2488
48379,75674,48379,2336
48381,2055154,48381,28460
48383,46871,48383,1421
48385,38728,48385,1884
48387,79025,48387,5286
48389,179270,48389,3965
48391,89590,48391,3166
48393,6501,48393,104
48395,173951,48395,2802
48397,1011302,48397,12521
48399,131470,48399,3294
48401,406493,48401,8619
48403,53599,48403,3583
48405,84966,48405,4775
48407,96067,48407,3437
48409,513072,48409,19074
48411,69840,48411,1689
48413,28126,48413,820
48415,344410,48415,5361
48417,22491,48417,122
48419,204797,48419,8457
48421,23091,48421,917
48423,2225668,48423,44368
48425,100361,48425,1282
48427,1192426,48427,41187
48429,79973,48429,2277
48431,10530,48431,299
48433,12950,48433,530
48435,52721,48435,942
48437,82922,48437,1885
48439,26255718,48439,302101
48441,1771602,48441,33553
48443,7097,48443,150
48445,195421,48445,5272
48447,7198,48447,597
48449,536208,48449,9695
48451,1973679,48451,28448
48453,10326309,48453,127721
48455,74640,48455,2223
48457,124187,48457,2432
48459,282521,48459,5358
48461,32099,48461,1038
48463,355205,48463,8391
48465,894762,48465,29456
48467,411661,48467,10836
48469,1237355,48469,25344
48471,1280965,48471,18448
48473,366655,48473,4357
48475,110010,48475,1542
48477,327936,48477,15175
48479,5120140,48479,98087
48481,464226,48481,14598
48483,51262,48483,888
48485,1579085,48485,30390
48487,183220,48487,4281
48489,345143,48489,12931
48491,4266682,48491,48219
48493,389742,48493,7860
48495,77355,48495,1813
48497,623618,48497,10620
48499,316379,48499,12069
48501,113553,48501,2825
48503,218388,48503,4338
48505,169052,48505,2480
48507,184575,48507,4841
49001,54318,49001,369
49003,509867,49003,3936
49005,1740383,49005,3549
49007,146360,49007,908
49009,2771,49009,0
49011,3750810,49011,15227
49013,121440,49013,776
49015,73674,49015,832
49017,46746,49017,1202
49019,65851,49019,277
49021,508226,49021,2377
49023,118642,49023,1287
49025,50418,49025,354
49027,139140,49027,615
49029,115816,49029,801
49031,10392,49031,216
49033,11609,49033,0
49035,17294967,49035,103862
49037,280380,49037,7702
49039,318570,49039,1558
49041,191008,49041,917
49043,589258,49043,835
49045,686967,49045,2275
49047,172571,49047,1241
49049,10494373,49049,35124
49051,511474,49051,2804
49053,2240020,49053,18432
49055,10543,49055,0
49057,2934346,49057,16802
50001,67902,50001,1004
50003,106075,50003,668
50005,37421,50005,367
50007,518310,50007,16097
50009,12775,50009,22
50011,102500,50011,4263
50013,10752,50013,0
50015,42748,50015,378
50017,44596,50017,134
50019,39215,50019,504
50021,98238,50021,1160
50023,130757,50023,1316
50025,91275,50025,1549
50027,85637,50027,1028
51001,433813,51001,6353
51003,538267,51003,7004
51005,107626,51005,3516
51007,71761,51007,1636
51009,248907,51009,1657
51011,130171,51011,1259
51013,1757998,51013,47747
51015,472355,51015,4808
51017,21249,51017,342
51019,537005,51019,5662
51021,59692,51021,1106
51023,212039,51023,3570
51025,138107,51025,1495
51027,122423,51027,2959
51029,290475,51029,2954
51031,352353,51031,3648
51033,184900,51033,2206
51035,250861,51035,7873
51036,41810,51036,1711
51037,72399,51037,980
51041,2640340,51041,36284
51043,69406,51043,938
51045,23359,51045,246
51047,559095,51047,5821
51049,44567,51049,609
51051,84599,51051,1049
51053,184712,51053,3137
51057,70781,51057,565
51059,8927899,51059,184233
51061,445930,51061,6457
51063,84298,51063,2902
51065,148750,51065,2899
51067,363078,51067,3807
51069,651861,51069,5963
51071,90350,51071,593
51073,161894,51073,2257
51075,130729,51075,2253
51077,133842,51077,4327
51079,106081,51079,981
51081,234303,51081,4039
51083,218548,51083,5187
51085,685775,51085,15962
51087,2463926,51087,74209
51089,476822,51089,10022
51091,7840,51091,7
51093,294081,51093,6402
51095,401190,51095,7648
51097,32215,51097,537
51099,135184,51099,1981
51101,84712,51101,965
51103,64402,51103,457
51105,226004,51105,3940
51107,2889437,51107,39759
51109,170180,51109,1964
51111,61565,51111,710
51113,56711,51113,1009
51115,48370,51115,525
51117,263647,51117,10577
51119,49430,51119,2249
51121,832706,51121,6051
51125,66109,51125,681
51127,119358,51127,1065
51131,114971,51131,8816
51133,73020,51133,1961
51135,178687,51135,5012
51137,182110,51137,2313
51139,206976,51139,9129
51141,128261,51141,5408
51143,482145,51143,5806
51145,148203,51145,1367
51147,234333,51147,3784
51149,342522,51149,1561
51153,5175000,51153,65518
51155,210883,51155,4438
51157,30607,51157,469
51159,170712,51159,1539
51161,715030,51161,9132
51163,103261,51163,1998
51165,703149,51165,9713
51167,210520,51167,2746
51169,169311,51169,4580
51171,432646,51171,17616
51173,267489,51173,8405
51175,243492,51175,7962
51177,937740,51177,14770
51179,1006348,51179,6369
51181,43135,51181,1058
51183,160756,51183,3110
51185,303990,51185,3072
51187,249558,51187,5551
51191,440135,51191,9017
51193,129279,51193,1874
51195,296350,51195,8603
51197,191912,51197,4019
51199,286700,51199,2848
51510,1504005,51510,22460
51520,129398,51520,2273
51530,77080,51530,942
51540,424329,51540,7180
51550,1890942,51550,21961
51570,133155,51570,7525
51580,51420,51580,477
51590,432138,51590,10863
51595,90102,51595,6788
51600,59609,51600,2534
51610,37758,51610,2063
51620,130566,51620,3448
51630,213423,51630,1847
51640,155280,51640,7968
51650,855268,51650,9704
51660,851672,51660,11942
51670,200938,51670,2826
51678,93328,51678,1295
51680,718260,51680,8966
51683,670657,51683,7359
51685,204935,51685,2243
51690,173671,51690,5449
51700,1189102,51700,15088
51710,1795981,51710,22439
51720,24257,51720,236
51730,324500,51730,7338
51735,58856,51735,873
51740,918256,51740,17429
51750,244255,51750,1019
51760,1848595,51760,22434
51770,892566,51770,15689
51775,199080,51775,4179
51790,230736,51790,4435
51800,783316,51800,22282
51810,3182756,51810,32544
51820,198727,51820,2343
51830,70614,51830,2186
51840,284535,51840,2470
53001,283300,53001,2861
53003,132824,53003,3005
53005,2054122,53005,41587
53007,836587,53007,7625
53009,112783,53009,658
53011,2094589,53011,29458
53013,11567,53013,524
53015,414645,53015,4569
53017,469534,53017,3239
53019,22073,53019,311
53021,1649957,53021,19098
53023,11722,53023,266
53025,1168641,53025,11925
53027,316572,53027,4199
53029,171873,53029,5353
53031,40744,53031,166
53033,11034854,53033,276420
53035,637800,53035,7985
53037,268324,53037,5470
53039,80582,53039,1189
53041,356044,53041,4690
53043,35503,53043,609
53045,236743,53045,2537
53047,329944,53047,4776
53049,70803,53049,1089
53051,62299,53051,484
53053,4602468,53053,78426
53055,15439,53055,0
53057,560330,53057,9216
53059,30318,53059,232
53061,4067697,53061,88976
53063,4108587,53063,68727
53065,159503,53065,2293
53067,768408,53067,9585
53069,7747,53069,0
53071,535077,53071,5679
53073,703928,53073,17478
53075,447058,53075,4240
53077,4362162,53077,81092
54001,110007,54001,1679
54003,941709,54003,9415
54005,158749,54005,2870
54007,59415,54007,90
54009,183627,54009,3954
54011,750699,54011,14306
54013,20674,54013,0
54015,35873,54015,687
54017,38182,54017,510
54019,282841,54019,7880
54021,58503,54021,420
54023,108176,54023,2673
54025,203481,54025,4383
54027,132986,54027,2171
54029,235355,54029,5868
54031,111674,54031,1284
54033,433080,54033,5737
54035,188679,54035,8339
54037,366888,54037,3885
54039,1344218,54039,33917
54041,80664,54041,1253
54043,118483,54043,1163
54045,281553,54045,10755
54047,127856,54047,1068
54049,309204,54049,2777
54051,283942,54051,5950
54053,152019,54053,2934
54055,396051,54055,10665
54057,263094,54057,7236
54059,224754,54059,3609
54061,878868,54061,5684
54063,96287,54063,1839
54065,86829,54065,916
54067,103692,54067,1331
54069,362538,54069,5989
54071,51215,54071,481
54073,63150,54073,1365
54075,55336,54075,761
54077,225214,54077,3879
54079,429082,54079,7252
54081,426918,54081,4734
54083,222597,54083,816
54085,49609,54085,771
54087,47839,54087,835
54089,65179,54089,1965
54091,102224,54091,2213
54093,44117,54093,458
54095,50263,54095,296
54097,142218,54097,1782
54099,269392,54099,4595
54101,23264,54101,59
54103,100459,54103,2026
54105,30816,54105,162
54107,649104,54107,9066
54109,162592,54109,2899
55001,202371,55001,1971
55003,135280,55003,1816
55005,613593,55005,7490
55007,125713,55007,2124
55009,4540459,55009,32799
55011,144974,55011,1128
55013,145924,55013,2624
55015,756525,55015,5042
55017,810734,55017,8986
55019,417070,55019,7869
55021,640781,55021,4871
55023,201404,55023,1492
55025,5305107,55025,31355
55027,1535114,55027,17600
55029,309216,55029,2814
55031,451841,55031,3098
55033,509028,55033,2546
55035,1352252,55035,11703
55037,59370,55037,1630
55039,1595167,55039,11098
55041,135153,55041,3541
55043,663190,55043,12534
55045,353495,55045,1948
55047,244481,55047,1810
55049,228780,55049,990
55051,80118,55051,3631
55053,294654,55053,2048
55055,1055616,55055,9189
55057,350301,55057,1871
55059,2196397,55059,38118
55061,321222,55061,3310
55063,1570364,55063,7698
55065,198537,55065,756
55067,262353,55067,5113
55069,347216,55069,7229
55071,990555,55071,7933
55073,1784751,55073,23852
55075,569394,55075,6800
55077,191091,55077,2762
55078,96643,55078,1101
55079,15014790,55079,208024
55081,490199,55081,3278
55083,602469,55083,5841
55085,409871,55085,6635
55087,2685174,55087,23845
55089,1020327,55089,11000
55091,89348,55091,613
55093,486791,55093,4341
55095,405674,55095,3852
55097,868829,55097,7250
55099,137981,55099,699
55101,3109233,55101,46248
55103,155809,55103,2411
55105,1948476,55105,20587
55107,143277,55107,1644
55109,896835,55109,4890
55111,676034,55111,4731
55113,171153,55113,1734
55115,654285,55115,8768
55117,1646940,55117,13898
55119,229626,55119,2987
55121,433027,55121,3736
55123,212592,55123,3300
55125,237089,55125,3343
55127,1424949,55127,17200
55129,142080,55129,1706
55131,1862290,55131,17522
55133,5387087,55133,57699
55135,732685,55135,19623
55137,301828,55137,2754
55139,2538322,55139,23948
55141,806372,55141,7774
56001,480205,56001,1278
56003,106553,56003,2731
56005,523645,56005,4491
56007,147043,56007,2040
56009,112304,56009,1394
56011,49875,56011,955
56013,594374,56013,9426
56015,124321,56015,2123
56017,36111,56017,208
56019,67913,56019,1051
56021,934098,56021,8448
56023,135756,56023,1264
56025,847507,56025,11295
56027,16698,56027,171
56029,279568,56029,1885
56031,60379,56031,1177
56033,336504,56033,2393
56035,78680,56035,704
56037,387817,56037,2832
56039,362456,56039,770
56041,235744,56041,1241
56043,99354,56043,3064
56045,67552,56045,371
69110,21657,69110,478
69120,400,69120,0
72001,62886,72001,NA
72003,145219,72003,NA
72005,189944,72005,NA
72007,124806,72007,NA
72009,72345,72009,NA
72011,105088,72011,NA
72013,357565,72013,NA
72015,54590,72015,NA
72017,94504,72017,NA
72019,172185,72019,NA
72021,1368277,72021,NA
72023,134389,72023,NA
72025,708755,72025,NA
72027,137847,72027,NA
72029,253523,72029,NA
72031,1082817,72031,NA
72033,167515,72033,NA
72035,168488,72035,NA
72037,53900,72037,NA
72039,102648,72039,NA
72041,150037,72041,NA
72043,123197,72043,NA
72045,93419,72045,NA
72047,229408,72047,NA
72049,5687,72049,NA
72051,299860,72051,NA
72053,183871,72053,NA
72054,103678,72054,NA
72055,40395,72055,NA
72057,114760,72057,NA
72059,66202,72059,NA
72061,630652,72061,NA
72063,232708,72063,NA
72065,132149,72065,NA
72067,60044,72067,NA
72069,214639,72069,NA
72071,142555,72071,NA
72073,74742,72073,NA
72075,143434,72075,NA
72077,195920,72077,NA
72079,57590,72079,NA
72081,126563,72081,NA
72083,32996,72083,NA
72085,182736,72085,NA
72087,120929,72087,NA
72089,89469,72089,NA
72091,211816,72091,NA
72093,21237,72093,NA
72095,46762,72095,NA
72097,284406,72097,NA
72099,169812,72099,NA
72101,184066,72101,NA
72103,101462,72103,NA
72105,225056,72105,NA
72107,119468,72107,NA
72109,58176,72109,NA
72111,61613,72111,NA
72113,384605,72113,NA
72115,88953,72115,NA
72117,63528,72117,NA
72119,237389,72119,NA
72121,63830,72121,NA
72123,152765,72123,NA
72125,89434,72125,NA
72127,2637079,72127,NA
72129,194650,72129,NA
72131,220616,72131,NA
72133,76365,72133,NA
72135,500995,72135,NA
72137,531648,72137,NA
72139,410948,72139,NA
72141,98793,72141,NA
72143,257925,72143,NA
72145,359670,72145,NA
72147,30477,72147,NA
72149,91102,72149,NA
72151,128083,72151,NA
72153,152283,72153,NA
78010,153647,78010,1531
78020,24968,78020,188
78030,200837,78030,2897
