"GEO_ID","GEO_ID_F","NAME","SVY_COMP","SVY_COMP_LABEL","YEAR","AGG_DESC","AGG_DESC_LABEL","GOVTYPE","GOVTYPE_LABEL","AMOUNT","AMOUNT_FORMATTED"
"id","Geo Footnote","Geographic Area Name","Survey Component","Survey Component","Year","Aggregate Description","Meaning of Aggregate Description","Type of Government","Type of Government","Amount","Amount Formatted"
"0100000US","null","United States","07","Government Organization","2012","GO0002","Total Local Government Units","001","State and Local ","90056.0","90,056"
"0100000US","null","United States","07","Government Organization","2017","GO0002","Total Local Government Units","001","State and Local ","90075.0","90,075"
"0100000US","null","United States","07","Government Organization","2012","GO0003","Total Local Government Units - Special Purpose Governments","001","State and Local ","51146.0","51,146"
"0100000US","null","United States","07","Government Organization","2017","GO0003","Total Local Government Units - Special Purpose Governments","001","State and Local ","51296.0","51,296"
"0100000US","null","United States","07","Government Organization","2012","GO0004","Total Local Government Units - General Purpose Governments","001","State and Local ","38910.0","38,910"
"0100000US","null","United States","07","Government Organization","2017","GO0004","Total Local Government Units - General Purpose Governments","001","State and Local ","38779.0","38,779"
"0100000US","null","United States","07","Government Organization","2012","GO0005","Total Local Government Units - County Governments","001","State and Local ","3031.0","3,031"
"0100000US","null","United States","07","Government Organization","2017","GO0005","Total Local Government Units - County Governments","001","State and Local ","3031.0","3,031"
"0100000US","null","United States","07","Government Organization","2012","GO0006","Total Local Government Units - Subcounty Governments","001","State and Local ","35879.0","35,879"
"0100000US","null","United States","07","Government Organization","2017","GO0006","Total Local Government Units - Subcounty Governments","001","State and Local ","35748.0","35,748"
"0100000US","null","United States","07","Government Organization","2012","GO0007","Total Local Government Units - Subcounty Governments - Municipal Governments","001","State and Local ","19519.0","19,519"
"0100000US","null","United States","07","Government Organization","2017","GO0007","Total Local Government Units - Subcounty Governments - Municipal Governments","001","State and Local ","19495.0","19,495"
"0100000US","null","United States","07","Government Organization","2012","GO0008","Total Local Government Units - Subcounty Governments - Township Governments","001","State and Local ","16360.0","16,360"
"0100000US","null","United States","07","Government Organization","2017","GO0008","Total Local Government Units - Subcounty Governments - Township Governments","001","State and Local ","16253.0","16,253"
"0100000US","null","United States","07","Government Organization","2012","GO0009","Total Local Government Units - Special Purpose Governments - Special District Governments","001","State and Local ","38266.0","38,266"
"0100000US","null","United States","07","Government Organization","2017","GO0009","Total Local Government Units - Special Purpose Governments - Special District Governments","001","State and Local ","38542.0","38,542"
"0100000US","null","United States","07","Government Organization","2012","GO0010","Total Local Government Units - Special Purpose Governments - Independent School District Governments","001","State and Local ","12880.0","12,880"
"0100000US","null","United States","07","Government Organization","2017","GO0010","Total Local Government Units - Special Purpose Governments - Independent School District Governments","001","State and Local ","12754.0","12,754"
