"GEO_ID","GEO_ID_F","NAME","SVY_COMP","SVY_COMP_LABEL","YEAR","AGG_DESC","AGG_DESC_LABEL","GOVTYPE","GOVTYPE_LABEL","AMOUNT","AMOUNT_FORMATTED"
"id","Geo Footnote","Geographic Area Name","Survey Component","Survey Component","Year","Aggregate Description","Meaning of Aggregate Description","Type of Government","Type of Government","Amount","Amount Formatted"
"0100000US","null","United States","07","Government Organization","2012","GO0046","Population-size group  - Municipal Governments - 1,000 to 2,499 - Population","001","State and Local ","5801694.0","5,801,694"
"0100000US","null","United States","07","Government Organization","2017","GO0046","Population-size group  - Municipal Governments - 1,000 to 2,499 - Population","001","State and Local ","5685139.0","5,685,139"
"0100000US","null","United States","07","Government Organization","2012","GO0047","Population-size group  - Municipal Governments - 10,000 to 24,999 - Population","001","State and Local ","24204073.0","24,204,073"
"0100000US","null","United States","07","Government Organization","2017","GO0047","Population-size group  - Municipal Governments - 10,000 to 24,999 - Population","001","State and Local ","24635576.0","24,635,576"
"0100000US","null","United States","07","Government Organization","2012","GO0048","Population-size group  - Municipal Governments - 100,000 to 199,999 - Population","001","State and Local ","23003137.0","23,003,137"
"0100000US","null","United States","07","Government Organization","2017","GO0048","Population-size group  - Municipal Governments - 100,000 to 199,999 - Population","001","State and Local ","26098476.0","26,098,476"
"0100000US","null","United States","07","Government Organization","2012","GO0049","Population-size group  - Municipal Governments - 2,500 to 4,999 - Population","001","State and Local ","7448308.0","7,448,308"
"0100000US","null","United States","07","Government Organization","2017","GO0049","Population-size group  - Municipal Governments - 2,500 to 4,999 - Population","001","State and Local ","7405164.0","7,405,164"
"0100000US","null","United States","07","Government Organization","2012","GO0050","Population-size group  - Municipal Governments - 200,000 to 299,999 - Population","001","State and Local ","10899834.0","10,899,834"
"0100000US","null","United States","07","Government Organization","2017","GO0050","Population-size group  - Municipal Governments - 200,000 to 299,999 - Population","001","State and Local ","12046842.0","12,046,842"
"0100000US","null","United States","07","Government Organization","2012","GO0051","Population-size group  - Municipal Governments - 25,000 to 49,999 - Population","001","State and Local ","25167442.0","25,167,442"
"0100000US","null","United States","07","Government Organization","2017","GO0051","Population-size group  - Municipal Governments - 25,000 to 49,999 - Population","001","State and Local ","25781789.0","25,781,789"
"0100000US","null","United States","07","Government Organization","2012","GO0052","Population-size group  - Municipal Governments - 300,000 or more - Population","001","State and Local ","51139039.0","51,139,039"
"0100000US","null","United States","07","Government Organization","2017","GO0052","Population-size group  - Municipal Governments - 300,000 or more - Population","001","State and Local ","56552586.0","56,552,586"
"0100000US","null","United States","07","Government Organization","2012","GO0053","Population-size group  - Municipal Governments - 5,000 to 9,999 - Population","001","State and Local ","11825175.0","11,825,175"
"0100000US","null","United States","07","Government Organization","2017","GO0053","Population-size group  - Municipal Governments - 5,000 to 9,999 - Population","001","State and Local ","11882198.0","11,882,198"
"0100000US","null","United States","07","Government Organization","2012","GO0054","Population-size group  - Municipal Governments - 50,000 to 99,999 - Population","001","State and Local ","30197311.0","30,197,311"
"0100000US","null","United States","07","Government Organization","2017","GO0054","Population-size group  - Municipal Governments - 50,000 to 99,999 - Population","001","State and Local ","32182412.0","32,182,412"
"0100000US","null","United States","07","Government Organization","2012","GO0055","Population-size group  - Municipal Governments - Less than 1,000 - Population","001","State and Local ","3653759.0","3,653,759"
"0100000US","null","United States","07","Government Organization","2017","GO0055","Population-size group  - Municipal Governments - Less than 1,000 - Population","001","State and Local ","3639599.0","3,639,599"
"0100000US","null","United States","07","Government Organization","2012","GO0056","Total population of municipal governments","001","State and Local ","193339772.0","193,339,772"
"0100000US","null","United States","07","Government Organization","2017","GO0056","Total population of municipal governments","001","State and Local ","205909781.0","205,909,781"
"0100000US","null","United States","07","Government Organization","2012","GO0057","Total population of township governments","001","State and Local ","60019479.0","60,019,479"
"0100000US","null","United States","07","Government Organization","2017","GO0057","Total population of township governments","001","State and Local ","60511333.0","60,511,333"
"0100000US","null","United States","07","Government Organization","2012","GO0058","Population-size group  - Township Governments - 1,000 to 2,499 - Population","001","State and Local ","5786868.0","5,786,868"
"0100000US","null","United States","07","Government Organization","2017","GO0058","Population-size group  - Township Governments - 1,000 to 2,499 - Population","001","State and Local ","5763482.0","5,763,482"
"0100000US","null","United States","07","Government Organization","2012","GO0059","Population-size group  - Township Governments - 10,000 to 24,999  - Population","001","State and Local ","12282552.0","12,282,552"
"0100000US","null","United States","07","Government Organization","2017","GO0059","Population-size group  - Township Governments - 10,000 to 24,999  - Population","001","State and Local ","12210958.0","12,210,958"
"0100000US","null","United States","07","Government Organization","2012","GO0060","Population-size group  - Township Governments - 100,000 to 199,999 - Population","001","State and Local ","4073056.0","4,073,056"
"0100000US","null","United States","07","Government Organization","2017","GO0060","Population-size group  - Township Governments - 100,000 to 199,999 - Population","001","State and Local ","4626216.0","4,626,216"
"0100000US","null","United States","07","Government Organization","2012","GO0061","Population-size group  - Township Governments - 2,500 to 4,999 - Population","001","State and Local ","6717222.0","6,717,222"
"0100000US","null","United States","07","Government Organization","2017","GO0061","Population-size group  - Township Governments - 2,500 to 4,999 - Population","001","State and Local ","6536188.0","6,536,188"
"0100000US","null","United States","07","Government Organization","2012","GO0062","Population-size group  - Township Governments - 200,000 to 299,999 - Population","001","State and Local ","936403.0","936,403"
"0100000US","null","United States","07","Government Organization","2017","GO0062","Population-size group  - Township Governments - 200,000 to 299,999 - Population","001","State and Local ","648551.0","648,551"
"0100000US","null","United States","07","Government Organization","2012","GO0063","Population-size group  - Township Governments - 25,000 to 49,999 - Population","001","State and Local ","10308564.0","10,308,564"
"0100000US","null","United States","07","Government Organization","2017","GO0063","Population-size group  - Township Governments - 25,000 to 49,999 - Population","001","State and Local ","10769850.0","10,769,850"
"0100000US","null","United States","07","Government Organization","2012","GO0064","Population-size group  - Township Governments - 300,000 or more - Population","001","State and Local ","1581340.0","1,581,340"
"0100000US","null","United States","07","Government Organization","2017","GO0064","Population-size group  - Township Governments - 300,000 or more - Population","001","State and Local ","1895214.0","1,895,214"
"0100000US","null","United States","07","Government Organization","2012","GO0065","Population-size group  - Township Governments - 5,000 to 9,999 - Population","001","State and Local ","7701148.0","7,701,148"
"0100000US","null","United States","07","Government Organization","2017","GO0065","Population-size group  - Township Governments - 5,000 to 9,999 - Population","001","State and Local ","7635722.0","7,635,722"
"0100000US","null","United States","07","Government Organization","2012","GO0066","Population-size group  - Township Governments - 50,000 to 99,999 - Population","001","State and Local ","7721192.0","7,721,192"
"0100000US","null","United States","07","Government Organization","2017","GO0066","Population-size group  - Township Governments - 50,000 to 99,999 - Population","001","State and Local ","7525322.0","7,525,322"
"0100000US","null","United States","07","Government Organization","2012","GO0067","Population-size group  - Township Governments - Less than 1,000 - Population","001","State and Local ","2911134.0","2,911,134"
"0100000US","null","United States","07","Government Organization","2017","GO0067","Population-size group  - Township Governments - Less than 1,000 - Population","001","State and Local ","2899830.0","2,899,830"
"0100000US","null","United States","07","Government Organization","2012","GO0068","Percent of population in areas with Municipal Governments","001","State and Local ","62.6","62.6"
"0100000US","null","United States","07","Government Organization","2017","GO0068","Percent of population in areas with Municipal Governments","001","State and Local ","63.2","63.2"
"0100000US","null","United States","07","Government Organization","2012","GO0069","Percent of population in areas with Township Governments","001","State and Local ","19.4","19.4"
"0100000US","null","United States","07","Government Organization","2017","GO0069","Percent of population in areas with Township Governments","001","State and Local ","18.6","18.6"
