"GEO_ID","GEO_ID_F","NAME","SVY_COMP","SVY_COMP_LABEL","YEAR","AGG_DESC","AGG_DESC_LABEL","GOVTYPE","GOVTYPE_LABEL","AMOUNT","AMOUNT_FORMATTED"
"id","Geo Footnote","Geographic Area Name","Survey Component","Survey Component","Year","Aggregate Description","Meaning of Aggregate Description","Type of Government","Type of Government","Amount","Amount Formatted"
"0100000US","null","United States","07","Government Organization","1942","GO0001","Total Federal, state, and local government units","001","State and Local ","155116.0","155,116"
"0100000US","null","United States","07","Government Organization","1952","GO0001","Total Federal, state, and local government units","001","State and Local ","116807.0","116,807"
"0100000US","null","United States","07","Government Organization","1957","GO0001","Total Federal, state, and local government units","001","State and Local ","102392.0","102,392"
"0100000US","null","United States","07","Government Organization","1962","GO0001","Total Federal, state, and local government units","001","State and Local ","91236.0","91,236"
"0100000US","null","United States","07","Government Organization","1967","GO0001","Total Federal, state, and local government units","001","State and Local ","81299.0","81,299"
"0100000US","null","United States","07","Government Organization","1972","GO0001","Total Federal, state, and local government units","001","State and Local ","78269.0","78,269"
"0100000US","null","United States","07","Government Organization","1977","GO0001","Total Federal, state, and local government units","001","State and Local ","79913.0","79,913"
"0100000US","null","United States","07","Government Organization","1982","GO0001","Total Federal, state, and local government units","001","State and Local ","81831.0","81,831"
"0100000US","null","United States","07","Government Organization","1987","GO0001","Total Federal, state, and local government units","001","State and Local ","83237.0","83,237"
"0100000US","null","United States","07","Government Organization","1992","GO0001","Total Federal, state, and local government units","001","State and Local ","85006.0","85,006"
"0100000US","null","United States","07","Government Organization","1997","GO0001","Total Federal, state, and local government units","001","State and Local ","87504.0","87,504"
"0100000US","null","United States","07","Government Organization","2002","GO0001","Total Federal, state, and local government units","001","State and Local ","87576.0","87,576"
"0100000US","null","United States","07","Government Organization","2007","GO0001","Total Federal, state, and local government units","001","State and Local ","89527.0","89,527"
"0100000US","null","United States","07","Government Organization","2012","GO0001","Total Federal, state, and local government units","001","State and Local ","90107.0","90,107"
"0100000US","null","United States","07","Government Organization","2017","GO0001","Total Federal, state, and local government units","001","State and Local ","90126.0","90,126"
