"GEO_ID","GEO_ID_F","NAME","SVY_COMP","SVY_COMP_LABEL","YEAR","AGG_DESC","AGG_DESC_LABEL","GOVTYPE","GOVTYPE_LABEL","AMOUNT_FORMATTED","AMOUNT","AMOUNT_CV"
"id","Geo Footnote","Geographic Area Name","Survey Component","Survey Component","Year","Aggregate Description","Meaning of Aggregate Description","Type of Government","Type of Government","Amount Formatted","Amount","Coefficent of Variation for Amount "
"0100000US","null","United States","01","Annual Survey of Public Employment and Payroll","2017","EP0005","Total - All Government Employment Functions - Full Time Employees","003","Local","10823476","10823476.0","0.00"
"0100000US","null","United States","01","Annual Survey of Public Employment and Payroll","2018","EP0005","Total - All Government Employment Functions - Full Time Employees","003","Local","10949591","10949591.0","0.09"
"0100000US","null","United States","01","Annual Survey of Public Employment and Payroll","2017","EP0010","Total - All Government Employment Functions - Full Time Pay","003","Local","53194249623","53194249623.0","0.00"
"0100000US","null","United States","01","Annual Survey of Public Employment and Payroll","2018","EP0010","Total - All Government Employment Functions - Full Time Pay","003","Local","54830125440","54830125440.0","0.08"
"0100000US","null","United States","01","Annual Survey of Public Employment and Payroll","2017","EP0015","Total - All Government Employment Functions - Part Time Employees","003","Local","3314893","3314893.0","0.00"
"0100000US","null","United States","01","Annual Survey of Public Employment and Payroll","2018","EP0015","Total - All Government Employment Functions - Part Time Employees","003","Local","3242168","3242168.0","0.09"
"0100000US","null","United States","01","Annual Survey of Public Employment and Payroll","2017","EP0020","Total - All Government Employment Functions - Part Time Pay","003","Local","4201469968","4201469968.0","0.00"
"0100000US","null","United States","01","Annual Survey of Public Employment and Payroll","2018","EP0020","Total - All Government Employment Functions - Part Time Pay","003","Local","4146812334","4146812334.0","0.09"
"0100000US","null","United States","01","Annual Survey of Public Employment and Payroll","2017","EP0025","Total - All Government Employment Functions - Part Time Hours","003","Local","237648858","237648858.0","0.00"
"0100000US","null","United States","01","Annual Survey of Public Employment and Payroll","2018","EP0025","Total - All Government Employment Functions - Part Time Hours","003","Local","224678565","224678565.0","0.12"
"0100000US","null","United States","01","Annual Survey of Public Employment and Payroll","2017","EP0030","Total - All Government Employment Functions - Full Time Equivalent","003","Local","12198416","12198416.0","0.00"
"0100000US","null","United States","01","Annual Survey of Public Employment and Payroll","2018","EP0030","Total - All Government Employment Functions - Full Time Equivalent","003","Local","12264505","12264505.0","0.08"
"0100000US","null","United States","01","Annual Survey of Public Employment and Payroll","2017","EP0035","Total - All Government Employment Functions - Total March Full-Time and Part-Time Employment","003","Local","14138369","14138369.0","0.00"
"0100000US","null","United States","01","Annual Survey of Public Employment and Payroll","2018","EP0035","Total - All Government Employment Functions - Total March Full-Time and Part-Time Employment","003","Local","14191759","14191759.0","0.07"
"0100000US","null","United States","01","Annual Survey of Public Employment and Payroll","2017","EP0040","Total - All Government Employment Functions - Total March Payroll","003","Local","57395719591","57395719591.0","0.00"
"0100000US","null","United States","01","Annual Survey of Public Employment and Payroll","2018","EP0040","Total - All Government Employment Functions - Total March Payroll","003","Local","58976937774","58976937774.0","0.08"
"0100000US","null","United States","01","Annual Survey of Public Employment and Payroll","2017","EP0045","Financial Administration - Full Time Employees","003","Local","225152","225152.0","0.00"
"0100000US","null","United States","01","Annual Survey of Public Employment and Payroll","2018","EP0045","Financial Administration - Full Time Employees","003","Local","225279","225279.0","0.03"
"0100000US","null","United States","01","Annual Survey of Public Employment and Payroll","2017","EP0050","Financial Administration - Full Time Pay","003","Local","1149322253","1149322253.0","0.00"
"0100000US","null","United States","01","Annual Survey of Public Employment and Payroll","2018","EP0050","Financial Administration - Full Time Pay","003","Local","1175294340","1175294340.0","0.03"
"0100000US","null","United States","01","Annual Survey of Public Employment and Payroll","2017","EP0055","Financial Administration - Part Time Employees","003","Local","46968","46968.0","0.00"
"0100000US","null","United States","01","Annual Survey of Public Employment and Payroll","2018","EP0055","Financial Administration - Part Time Employees","003","Local","39738","39738.0","0.05"
"0100000US","null","United States","01","Annual Survey of Public Employment and Payroll","2017","EP0060","Financial Administration - Part Time Pay","003","Local","53792039","53792039.0","0.00"
"0100000US","null","United States","01","Annual Survey of Public Employment and Payroll","2018","EP0060","Financial Administration - Part Time Pay","003","Local","46991530","46991530.0","0.05"
"0100000US","null","United States","01","Annual Survey of Public Employment and Payroll","2017","EP0065","Financial Administration - Part Time Hours","003","Local","3148674","3148674.0","0.00"
"0100000US","null","United States","01","Annual Survey of Public Employment and Payroll","2018","EP0065","Financial Administration - Part Time Hours","003","Local","2529273","2529273.0","0.05"
"0100000US","null","United States","01","Annual Survey of Public Employment and Payroll","2017","EP0070","Financial Administration - Full Time Equivalent","003","Local","239986","239986.0","0.00"
"0100000US","null","United States","01","Annual Survey of Public Employment and Payroll","2018","EP0070","Financial Administration - Full Time Equivalent","003","Local","239148","239148.0","0.03"
"0100000US","null","United States","01","Annual Survey of Public Employment and Payroll","2017","EP0075","Financial Administration - Total March Full-Time and Part-Time Employment","003","Local","272120","272120.0","0.00"
"0100000US","null","United States","01","Annual Survey of Public Employment and Payroll","2018","EP0075","Financial Administration - Total March Full-Time and Part-Time Employment","003","Local","265017","265017.0","0.03"
"0100000US","null","United States","01","Annual Survey of Public Employment and Payroll","2017","EP0080","Financial Administration - Total March Payroll","003","Local","1203114292","1203114292.0","0.00"
"0100000US","null","United States","01","Annual Survey of Public Employment and Payroll","2018","EP0080","Financial Administration - Total March Payroll","003","Local","1222285870","1222285870.0","0.02"
"0100000US","null","United States","01","Annual Survey of Public Employment and Payroll","2017","EP0085","Other Government Administration - Full Time Employees","003","Local","192659","192659.0","0.00"
"0100000US","null","United States","01","Annual Survey of Public Employment and Payroll","2018","EP0085","Other Government Administration - Full Time Employees","003","Local","197986","197986.0","0.04"
"0100000US","null","United States","01","Annual Survey of Public Employment and Payroll","2017","EP0090","Other Government Administration - Full Time Pay","003","Local","967934361","967934361.0","0.00"
"0100000US","null","United States","01","Annual Survey of Public Employment and Payroll","2018","EP0090","Other Government Administration - Full Time Pay","003","Local","1025006195","1025006195.0","0.03"
"0100000US","null","United States","01","Annual Survey of Public Employment and Payroll","2017","EP0095","Other Government Administration - Part Time Employees","003","Local","160831","160831.0","0.00"
"0100000US","null","United States","01","Annual Survey of Public Employment and Payroll","2018","EP0095","Other Government Administration - Part Time Employees","003","Local","160047","160047.0","0.02"
"0100000US","null","United States","01","Annual Survey of Public Employment and Payroll","2017","EP0100","Other Government Administration - Part Time Pay","003","Local","100445968","100445968.0","0.00"
"0100000US","null","United States","01","Annual Survey of Public Employment and Payroll","2018","EP0100","Other Government Administration - Part Time Pay","003","Local","93017947","93017947.0","0.03"
"0100000US","null","United States","01","Annual Survey of Public Employment and Payroll","2017","EP0105","Other Government Administration - Part Time Hours","003","Local","5352982","5352982.0","0.00"
"0100000US","null","United States","01","Annual Survey of Public Employment and Payroll","2018","EP0105","Other Government Administration - Part Time Hours","003","Local","4409317","4409317.0","0.03"
"0100000US","null","United States","01","Annual Survey of Public Employment and Payroll","2017","EP0110","Other Government Administration - Full Time Equivalent","003","Local","218697","218697.0","0.00"
"0100000US","null","United States","01","Annual Survey of Public Employment and Payroll","2018","EP0110","Other Government Administration - Full Time Equivalent","003","Local","223695","223695.0","0.04"
"0100000US","null","United States","01","Annual Survey of Public Employment and Payroll","2017","EP0115","Other Government Administration - Total March Full-Time and Part-Time Employment","003","Local","353490","353490.0","0.00"
"0100000US","null","United States","01","Annual Survey of Public Employment and Payroll","2018","EP0115","Other Government Administration - Total March Full-Time and Part-Time Employment","003","Local","358033","358033.0","0.03"
"0100000US","null","United States","01","Annual Survey of Public Employment and Payroll","2017","EP0120","Other Government Administration - Total March Payroll","003","Local","1068380329","1068380329.0","0.00"
"0100000US","null","United States","01","Annual Survey of Public Employment and Payroll","2018","EP0120","Other Government Administration - Total March Payroll","003","Local","1118024142","1118024142.0","0.03"
"0100000US","null","United States","01","Annual Survey of Public Employment and Payroll","2017","EP0125","Judicial and Legal - Full Time Employees","003","Local","228761","228761.0","0.00"
"0100000US","null","United States","01","Annual Survey of Public Employment and Payroll","2018","EP0125","Judicial and Legal - Full Time Employees","003","Local","227373","227373.0","0.05"
"0100000US","null","United States","01","Annual Survey of Public Employment and Payroll","2017","EP0130","Judicial and Legal - Full Time Pay","003","Local","1237134366","1237134366.0","0.00"
"0100000US","null","United States","01","Annual Survey of Public Employment and Payroll","2018","EP0130","Judicial and Legal - Full Time Pay","003","Local","1260303716","1260303716.0","0.07"
"0100000US","null","United States","01","Annual Survey of Public Employment and Payroll","2017","EP0135","Judicial and Legal - Part Time Employees","003","Local","31279","31279.0","0.00"
"0100000US","null","United States","01","Annual Survey of Public Employment and Payroll","2018","EP0135","Judicial and Legal - Part Time Employees","003","Local","31492","31492.0","0.07"
"0100000US","null","United States","01","Annual Survey of Public Employment and Payroll","2017","EP0140","Judicial and Legal - Part Time Pay","003","Local","49912732","49912732.0","0.00"
"0100000US","null","United States","01","Annual Survey of Public Employment and Payroll","2018","EP0140","Judicial and Legal - Part Time Pay","003","Local","48774354","48774354.0","0.09"
"0100000US","null","United States","01","Annual Survey of Public Employment and Payroll","2017","EP0145","Judicial and Legal - Part Time Hours","003","Local","2326186","2326186.0","0.00"
"0100000US","null","United States","01","Annual Survey of Public Employment and Payroll","2018","EP0145","Judicial and Legal - Part Time Hours","003","Local","2157820","2157820.0","0.15"
"0100000US","null","United States","01","Annual Survey of Public Employment and Payroll","2017","EP0150","Judicial and Legal - Full Time Equivalent","003","Local","241589","241589.0","0.00"
"0100000US","null","United States","01","Annual Survey of Public Employment and Payroll","2018","EP0150","Judicial and Legal - Full Time Equivalent","003","Local","239703","239703.0","0.05"
"0100000US","null","United States","01","Annual Survey of Public Employment and Payroll","2017","EP0155","Judicial and Legal - Total March Full-Time and Part-Time Employment","003","Local","260040","260040.0","0.00"
"0100000US","null","United States","01","Annual Survey of Public Employment and Payroll","2018","EP0155","Judicial and Legal - Total March Full-Time and Part-Time Employment","003","Local","258865","258865.0","0.05"
"0100000US","null","United States","01","Annual Survey of Public Employment and Payroll","2017","EP0160","Judicial and Legal - Total March Payroll","003","Local","1287047098","1287047098.0","0.00"
"0100000US","null","United States","01","Annual Survey of Public Employment and Payroll","2018","EP0160","Judicial and Legal - Total March Payroll","003","Local","1309078070","1309078070.0","0.07"
"0100000US","null","United States","01","Annual Survey of Public Employment and Payroll","2017","EP0205","Police Protection - Persons with Power of Arrest - Full Time Employees","003","Local","627454","627454.0","0.00"
"0100000US","null","United States","01","Annual Survey of Public Employment and Payroll","2018","EP0205","Police Protection - Persons with Power of Arrest - Full Time Employees","003","Local","636086","636086.0","0.02"
"0100000US","null","United States","01","Annual Survey of Public Employment and Payroll","2017","EP0210","Police Protection - Persons with Power of Arrest - Full Time Pay","003","Local","4102910783","4102910783.0","0.00"
"0100000US","null","United States","01","Annual Survey of Public Employment and Payroll","2018","EP0210","Police Protection - Persons with Power of Arrest - Full Time Pay","003","Local","4175050814","4175050814.0","0.02"
"0100000US","null","United States","01","Annual Survey of Public Employment and Payroll","2017","EP0215","Police Protection - Persons with Power of Arrest - Part Time Employees","003","Local","35344","35344.0","0.00"
"0100000US","null","United States","01","Annual Survey of Public Employment and Payroll","2018","EP0215","Police Protection - Persons with Power of Arrest - Part Time Employees","003","Local","35141","35141.0","0.07"
"0100000US","null","United States","01","Annual Survey of Public Employment and Payroll","2017","EP0220","Police Protection - Persons with Power of Arrest - Part Time Pay","003","Local","44581142","44581142.0","0.00"
"0100000US","null","United States","01","Annual Survey of Public Employment and Payroll","2018","EP0220","Police Protection - Persons with Power of Arrest - Part Time Pay","003","Local","43390896","43390896.0","0.08"
"0100000US","null","United States","01","Annual Survey of Public Employment and Payroll","2017","EP0225","Police Protection - Persons with Power of Arrest - Part Time Hours","003","Local","2780364","2780364.0","0.00"
"0100000US","null","United States","01","Annual Survey of Public Employment and Payroll","2018","EP0225","Police Protection - Persons with Power of Arrest - Part Time Hours","003","Local","2521017","2521017.0","0.08"
"0100000US","null","United States","01","Annual Survey of Public Employment and Payroll","2017","EP0230","Police Protection - Persons with Power of Arrest - Full Time Equivalent","003","Local","642753","642753.0","0.00"
"0100000US","null","United States","01","Annual Survey of Public Employment and Payroll","2018","EP0230","Police Protection - Persons with Power of Arrest - Full Time Equivalent","003","Local","650916","650916.0","0.02"
"0100000US","null","United States","01","Annual Survey of Public Employment and Payroll","2017","EP0235","Police Protection - Persons with Power of Arrest - Total March Full-Time and Part-Time Employment","003","Local","662798","662798.0","0.00"
"0100000US","null","United States","01","Annual Survey of Public Employment and Payroll","2018","EP0235","Police Protection - Persons with Power of Arrest - Total March Full-Time and Part-Time Employment","003","Local","671227","671227.0","0.02"
"0100000US","null","United States","01","Annual Survey of Public Employment and Payroll","2017","EP0240","Police Protection - Persons with Power of Arrest - Total March Payroll","003","Local","4147491925","4147491925.0","0.00"
"0100000US","null","United States","01","Annual Survey of Public Employment and Payroll","2018","EP0240","Police Protection - Persons with Power of Arrest - Total March Payroll","003","Local","4218441710","4218441710.0","0.02"
"0100000US","null","United States","01","Annual Survey of Public Employment and Payroll","2017","EP0245","Police Protection - Other - Full Time Employees","003","Local","160591","160591.0","0.00"
"0100000US","null","United States","01","Annual Survey of Public Employment and Payroll","2018","EP0245","Police Protection - Other - Full Time Employees","003","Local","163732","163732.0","0.04"
"0100000US","null","United States","01","Annual Survey of Public Employment and Payroll","2017","EP0250","Police Protection - Other - Full Time Pay","003","Local","758091952","758091952.0","0.00"
"0100000US","null","United States","01","Annual Survey of Public Employment and Payroll","2018","EP0250","Police Protection - Other - Full Time Pay","003","Local","789920545","789920545.0","0.04"
"0100000US","null","United States","01","Annual Survey of Public Employment and Payroll","2017","EP0255","Police Protection - Other - Part Time Employees","003","Local","57041","57041.0","0.00"
"0100000US","null","United States","01","Annual Survey of Public Employment and Payroll","2018","EP0255","Police Protection - Other - Part Time Employees","003","Local","55160","55160.0","0.06"
"0100000US","null","United States","01","Annual Survey of Public Employment and Payroll","2017","EP0260","Police Protection - Other - Part Time Pay","003","Local","62002602","62002602.0","0.00"
"0100000US","null","United States","01","Annual Survey of Public Employment and Payroll","2018","EP0260","Police Protection - Other - Part Time Pay","003","Local","61058508","61058508.0","0.06"
"0100000US","null","United States","01","Annual Survey of Public Employment and Payroll","2017","EP0265","Police Protection - Other - Part Time Hours","003","Local","3984684","3984684.0","0.00"
"0100000US","null","United States","01","Annual Survey of Public Employment and Payroll","2018","EP0265","Police Protection - Other - Part Time Hours","003","Local","3659279","3659279.0","0.06"
"0100000US","null","United States","01","Annual Survey of Public Employment and Payroll","2017","EP0270","Police Protection - Other - Full Time Equivalent","003","Local","183263","183263.0","0.00"
"0100000US","null","United States","01","Annual Survey of Public Employment and Payroll","2018","EP0270","Police Protection - Other - Full Time Equivalent","003","Local","184984","184984.0","0.03"
"0100000US","null","United States","01","Annual Survey of Public Employment and Payroll","2017","EP0275","Police Protection - Other - Total March Full-Time and Part-Time Employment","003","Local","217632","217632.0","0.00"
"0100000US","null","United States","01","Annual Survey of Public Employment and Payroll","2018","EP0275","Police Protection - Other - Total March Full-Time and Part-Time Employment","003","Local","218892","218892.0","0.03"
"0100000US","null","United States","01","Annual Survey of Public Employment and Payroll","2017","EP0280","Police Protection - Other - Total March Payroll","003","Local","820094554","820094554.0","0.00"
"0100000US","null","United States","01","Annual Survey of Public Employment and Payroll","2018","EP0280","Police Protection - Other - Total March Payroll","003","Local","850979053","850979053.0","0.03"
"0100000US","null","United States","01","Annual Survey of Public Employment and Payroll","2017","EP0325","Fire Protection - Firefighters - Full Time Employees","003","Local","304657","304657.0","0.00"
"0100000US","null","United States","01","Annual Survey of Public Employment and Payroll","2018","EP0325","Fire Protection - Firefighters - Full Time Employees","003","Local","309518","309518.0","0.04"
"0100000US","null","United States","01","Annual Survey of Public Employment and Payroll","2017","EP0330","Fire Protection - Firefighters - Full Time Pay","003","Local","2063171111","2063171111.0","0.00"
"0100000US","null","United States","01","Annual Survey of Public Employment and Payroll","2018","EP0330","Fire Protection - Firefighters - Full Time Pay","003","Local","2140781731","2140781731.0","0.10"
"0100000US","null","United States","01","Annual Survey of Public Employment and Payroll","2017","EP0335","Fire Protection - Firefighters - Part Time Employees","003","Local","89975","89975.0","0.00"
"0100000US","null","United States","01","Annual Survey of Public Employment and Payroll","2018","EP0335","Fire Protection - Firefighters - Part Time Employees","003","Local","82318","82318.0","0.09"
"0100000US","null","United States","01","Annual Survey of Public Employment and Payroll","2017","EP0340","Fire Protection - Firefighters - Part Time Pay","003","Local","50217660","50217660.0","0.00"
"0100000US","null","United States","01","Annual Survey of Public Employment and Payroll","2018","EP0340","Fire Protection - Firefighters - Part Time Pay","003","Local","44446806","44446806.0","0.11"
"0100000US","null","United States","01","Annual Survey of Public Employment and Payroll","2017","EP0345","Fire Protection - Firefighters - Part Time Hours","003","Local","3565734","3565734.0","0.00"
"0100000US","null","United States","01","Annual Survey of Public Employment and Payroll","2018","EP0345","Fire Protection - Firefighters - Part Time Hours","003","Local","3002721","3002721.0","0.12"
"0100000US","null","United States","01","Annual Survey of Public Employment and Payroll","2017","EP0350","Fire Protection - Firefighters - Full Time Equivalent","003","Local","323244","323244.0","0.00"
"0100000US","null","United States","01","Annual Survey of Public Employment and Payroll","2018","EP0350","Fire Protection - Firefighters - Full Time Equivalent","003","Local","327167","327167.0","0.04"
"0100000US","null","United States","01","Annual Survey of Public Employment and Payroll","2017","EP0355","Fire Protection - Firefighters - Total March Full-Time and Part-Time Employment","003","Local","394632","394632.0","0.00"
"0100000US","null","United States","01","Annual Survey of Public Employment and Payroll","2018","EP0355","Fire Protection - Firefighters - Total March Full-Time and Part-Time Employment","003","Local","391836","391836.0","0.04"
"0100000US","null","United States","01","Annual Survey of Public Employment and Payroll","2017","EP0360","Fire Protection - Firefighters - Total March Payroll","003","Local","2113388771","2113388771.0","0.00"
"0100000US","null","United States","01","Annual Survey of Public Employment and Payroll","2018","EP0360","Fire Protection - Firefighters - Total March Payroll","003","Local","2185228537","2185228537.0","0.10"
"0100000US","null","United States","01","Annual Survey of Public Employment and Payroll","2017","EP0365","Fire Protection - Other - Full Time Employees","003","Local","31784","31784.0","0.00"
"0100000US","null","United States","01","Annual Survey of Public Employment and Payroll","2018","EP0365","Fire Protection - Other - Full Time Employees","003","Local","33315","33315.0","0.12"
"0100000US","null","United States","01","Annual Survey of Public Employment and Payroll","2017","EP0370","Fire Protection - Other - Full Time Pay","003","Local","187679103","187679103.0","0.00"
"0100000US","null","United States","01","Annual Survey of Public Employment and Payroll","2018","EP0370","Fire Protection - Other - Full Time Pay","003","Local","201369102","201369102.0","0.11"
"0100000US","null","United States","01","Annual Survey of Public Employment and Payroll","2017","EP0375","Fire Protection - Other - Part Time Employees","003","Local","13768","13768.0","0.00"
"0100000US","null","United States","01","Annual Survey of Public Employment and Payroll","2018","EP0375","Fire Protection - Other - Part Time Employees","003","Local","12131","12131.0","0.28"
"0100000US","null","United States","01","Annual Survey of Public Employment and Payroll","2017","EP0380","Fire Protection - Other - Part Time Pay","003","Local","11453268","11453268.0","0.00"
"0100000US","null","United States","01","Annual Survey of Public Employment and Payroll","2018","EP0380","Fire Protection - Other - Part Time Pay","003","Local","10749649","10749649.0","0.20"
"0100000US","null","United States","01","Annual Survey of Public Employment and Payroll","2017","EP0385","Fire Protection - Other - Part Time Hours","003","Local","646352","646352.0","0.00"
"0100000US","null","United States","01","Annual Survey of Public Employment and Payroll","2018","EP0385","Fire Protection - Other - Part Time Hours","003","Local","550002","550002.0","0.23"
"0100000US","null","United States","01","Annual Survey of Public Employment and Payroll","2017","EP0390","Fire Protection - Other - Full Time Equivalent","003","Local","34798","34798.0","0.00"
"0100000US","null","United States","01","Annual Survey of Public Employment and Payroll","2018","EP0390","Fire Protection - Other - Full Time Equivalent","003","Local","36424","36424.0","0.11"
"0100000US","null","United States","01","Annual Survey of Public Employment and Payroll","2017","EP0395","Fire Protection - Other - Total March Full-Time and Part-Time Employment","003","Local","45552","45552.0","0.00"
"0100000US","null","United States","01","Annual Survey of Public Employment and Payroll","2018","EP0395","Fire Protection - Other - Total March Full-Time and Part-Time Employment","003","Local","45446","45446.0","0.11"
"0100000US","null","United States","01","Annual Survey of Public Employment and Payroll","2017","EP0400","Fire Protection - Other - Total March Payroll","003","Local","199132371","199132371.0","0.00"
"0100000US","null","United States","01","Annual Survey of Public Employment and Payroll","2018","EP0400","Fire Protection - Other - Total March Payroll","003","Local","212118751","212118751.0","0.10"
"0100000US","null","United States","01","Annual Survey of Public Employment and Payroll","2017","EP0405","Corrections - Full Time Employees","003","Local","257245","257245.0","0.00"
"0100000US","null","United States","01","Annual Survey of Public Employment and Payroll","2018","EP0405","Corrections - Full Time Employees","003","Local","257212","257212.0","0.09"
"0100000US","null","United States","01","Annual Survey of Public Employment and Payroll","2017","EP0410","Corrections - Full Time Pay","003","Local","1262922733","1262922733.0","0.00"
"0100000US","null","United States","01","Annual Survey of Public Employment and Payroll","2018","EP0410","Corrections - Full Time Pay","003","Local","1292019769","1292019769.0","0.08"
"0100000US","null","United States","01","Annual Survey of Public Employment and Payroll","2017","EP0415","Corrections - Part Time Employees","003","Local","14268","14268.0","0.00"
"0100000US","null","United States","01","Annual Survey of Public Employment and Payroll","2018","EP0415","Corrections - Part Time Employees","003","Local","14114","14114.0","0.26"
"0100000US","null","United States","01","Annual Survey of Public Employment and Payroll","2017","EP0420","Corrections - Part Time Pay","003","Local","21997719","21997719.0","0.00"
"0100000US","null","United States","01","Annual Survey of Public Employment and Payroll","2018","EP0420","Corrections - Part Time Pay","003","Local","22314671","22314671.0","0.24"
"0100000US","null","United States","01","Annual Survey of Public Employment and Payroll","2017","EP0425","Corrections - Part Time Hours","003","Local","1331480","1331480.0","0.00"
"0100000US","null","United States","01","Annual Survey of Public Employment and Payroll","2018","EP0425","Corrections - Part Time Hours","003","Local","1331358","1331358.0","0.29"
"0100000US","null","United States","01","Annual Survey of Public Employment and Payroll","2017","EP0430","Corrections - Full Time Equivalent","003","Local","264844","264844.0","0.00"
"0100000US","null","United States","01","Annual Survey of Public Employment and Payroll","2018","EP0430","Corrections - Full Time Equivalent","003","Local","265032","265032.0","0.09"
"0100000US","null","United States","01","Annual Survey of Public Employment and Payroll","2017","EP0435","Corrections - Total March Full-Time and Part-Time Employment","003","Local","271513","271513.0","0.00"
"0100000US","null","United States","01","Annual Survey of Public Employment and Payroll","2018","EP0435","Corrections - Total March Full-Time and Part-Time Employment","003","Local","271326","271326.0","0.09"
"0100000US","null","United States","01","Annual Survey of Public Employment and Payroll","2017","EP0440","Corrections - Total March Payroll","003","Local","1284920452","1284920452.0","0.00"
"0100000US","null","United States","01","Annual Survey of Public Employment and Payroll","2018","EP0440","Corrections - Total March Payroll","003","Local","1314334440","1314334440.0","0.08"
"0100000US","null","United States","01","Annual Survey of Public Employment and Payroll","2017","EP0445","Highways - Full Time Employees","003","Local","265048","265048.0","0.00"
"0100000US","null","United States","01","Annual Survey of Public Employment and Payroll","2018","EP0445","Highways - Full Time Employees","003","Local","268705","268705.0","0.03"
"0100000US","null","United States","01","Annual Survey of Public Employment and Payroll","2017","EP0450","Highways - Full Time Pay","003","Local","1229367519","1229367519.0","0.00"
"0100000US","null","United States","01","Annual Survey of Public Employment and Payroll","2018","EP0450","Highways - Full Time Pay","003","Local","1276408795","1276408795.0","0.05"
"0100000US","null","United States","01","Annual Survey of Public Employment and Payroll","2017","EP0455","Highways - Part Time Employees","003","Local","25296","25296.0","0.00"
"0100000US","null","United States","01","Annual Survey of Public Employment and Payroll","2018","EP0455","Highways - Part Time Employees","003","Local","25236","25236.0","0.09"
"0100000US","null","United States","01","Annual Survey of Public Employment and Payroll","2017","EP0460","Highways - Part Time Pay","003","Local","31522336","31522336.0","0.00"
"0100000US","null","United States","01","Annual Survey of Public Employment and Payroll","2018","EP0460","Highways - Part Time Pay","003","Local","30032293","30032293.0","0.10"
"0100000US","null","United States","01","Annual Survey of Public Employment and Payroll","2017","EP0465","Highways - Part Time Hours","003","Local","2181582","2181582.0","0.00"
"0100000US","null","United States","01","Annual Survey of Public Employment and Payroll","2018","EP0465","Highways - Part Time Hours","003","Local","1949429","1949429.0","0.12"
"0100000US","null","United States","01","Annual Survey of Public Employment and Payroll","2017","EP0470","Highways - Full Time Equivalent","003","Local","276009","276009.0","0.00"
"0100000US","null","United States","01","Annual Survey of Public Employment and Payroll","2018","EP0470","Highways - Full Time Equivalent","003","Local","280166","280166.0","0.03"
"0100000US","null","United States","01","Annual Survey of Public Employment and Payroll","2017","EP0475","Highways - Total March Full-Time and Part-Time Employment","003","Local","290344","290344.0","0.00"
"0100000US","null","United States","01","Annual Survey of Public Employment and Payroll","2018","EP0475","Highways - Total March Full-Time and Part-Time Employment","003","Local","293941","293941.0","0.03"
"0100000US","null","United States","01","Annual Survey of Public Employment and Payroll","2017","EP0480","Highways - Total March Payroll","003","Local","1260889855","1260889855.0","0.00"
"0100000US","null","United States","01","Annual Survey of Public Employment and Payroll","2018","EP0480","Highways - Total March Payroll","003","Local","1306441088","1306441088.0","0.05"
"0100000US","null","United States","01","Annual Survey of Public Employment and Payroll","2017","EP0485","Air Transportation - Full Time Employees","003","Local","44509","44509.0","0.00"
"0100000US","null","United States","01","Annual Survey of Public Employment and Payroll","2018","EP0485","Air Transportation - Full Time Employees","003","Local","45393","45393.0","0.17"
"0100000US","null","United States","01","Annual Survey of Public Employment and Payroll","2017","EP0490","Air Transportation - Full Time Pay","003","Local","264559277","264559277.0","0.00"
"0100000US","null","United States","01","Annual Survey of Public Employment and Payroll","2018","EP0490","Air Transportation - Full Time Pay","003","Local","271138848","271138848.0","0.15"
"0100000US","null","United States","01","Annual Survey of Public Employment and Payroll","2017","EP0495","Air Transportation - Part Time Employees","003","Local","4135","4135.0","0.00"
"0100000US","null","United States","01","Annual Survey of Public Employment and Payroll","2018","EP0495","Air Transportation - Part Time Employees","003","Local","4268","4268.0","0.67"
"0100000US","null","United States","01","Annual Survey of Public Employment and Payroll","2017","EP0500","Air Transportation - Part Time Pay","003","Local","5791719","5791719.0","0.00"
"0100000US","null","United States","01","Annual Survey of Public Employment and Payroll","2018","EP0500","Air Transportation - Part Time Pay","003","Local","6056212","6056212.0","0.60"
"0100000US","null","United States","01","Annual Survey of Public Employment and Payroll","2017","EP0505","Air Transportation - Part Time Hours","003","Local","366390","366390.0","0.00"
"0100000US","null","United States","01","Annual Survey of Public Employment and Payroll","2018","EP0505","Air Transportation - Part Time Hours","003","Local","374498","374498.0","0.62"
"0100000US","null","United States","01","Annual Survey of Public Employment and Payroll","2017","EP0510","Air Transportation - Full Time Equivalent","003","Local","46525","46525.0","0.00"
"0100000US","null","United States","01","Annual Survey of Public Employment and Payroll","2018","EP0510","Air Transportation - Full Time Equivalent","003","Local","47540","47540.0","0.17"
"0100000US","null","United States","01","Annual Survey of Public Employment and Payroll","2017","EP0515","Air Transportation - Total March Full-Time and Part-Time Employment","003","Local","48644","48644.0","0.00"
"0100000US","null","United States","01","Annual Survey of Public Employment and Payroll","2018","EP0515","Air Transportation - Total March Full-Time and Part-Time Employment","003","Local","49661","49661.0","0.17"
"0100000US","null","United States","01","Annual Survey of Public Employment and Payroll","2017","EP0520","Air Transportation - Total March Payroll","003","Local","270350996","270350996.0","0.00"
"0100000US","null","United States","01","Annual Survey of Public Employment and Payroll","2018","EP0520","Air Transportation - Total March Payroll","003","Local","277195060","277195060.0","0.15"
"0100000US","null","United States","01","Annual Survey of Public Employment and Payroll","2017","EP0525","Water Transport and Terminals - Full Time Employees","003","Local","7760","7760.0","0.00"
"0100000US","null","United States","01","Annual Survey of Public Employment and Payroll","2018","EP0525","Water Transport and Terminals - Full Time Employees","003","Local","8114","8114.0","0.86"
"0100000US","null","United States","01","Annual Survey of Public Employment and Payroll","2017","EP0530","Water Transport and Terminals - Full Time Pay","003","Local","53265991","53265991.0","0.00"
"0100000US","null","United States","01","Annual Survey of Public Employment and Payroll","2018","EP0530","Water Transport and Terminals - Full Time Pay","003","Local","55762920","55762920.0","0.79"
"0100000US","null","United States","01","Annual Survey of Public Employment and Payroll","2017","EP0535","Water Transport and Terminals - Part Time Employees","003","Local","1097","1097.0","0.00"
"0100000US","null","United States","01","Annual Survey of Public Employment and Payroll","2018","EP0535","Water Transport and Terminals - Part Time Employees","003","Local","1097","1097.0","1.88"
"0100000US","null","United States","01","Annual Survey of Public Employment and Payroll","2017","EP0540","Water Transport and Terminals - Part Time Pay","003","Local","1747084","1747084.0","0.00"
"0100000US","null","United States","01","Annual Survey of Public Employment and Payroll","2018","EP0540","Water Transport and Terminals - Part Time Pay","003","Local","1730395","1730395.0","1.65"
"0100000US","null","United States","01","Annual Survey of Public Employment and Payroll","2017","EP0545","Water Transport and Terminals - Part Time Hours","003","Local","95463","95463.0","0.00"
"0100000US","null","United States","01","Annual Survey of Public Employment and Payroll","2018","EP0545","Water Transport and Terminals - Part Time Hours","003","Local","92855","92855.0","2.30"
"0100000US","null","United States","01","Annual Survey of Public Employment and Payroll","2017","EP0550","Water Transport and Terminals - Full Time Equivalent","003","Local","8281","8281.0","0.00"
"0100000US","null","United States","01","Annual Survey of Public Employment and Payroll","2018","EP0550","Water Transport and Terminals - Full Time Equivalent","003","Local","8655","8655.0","0.82"
"0100000US","null","United States","01","Annual Survey of Public Employment and Payroll","2017","EP0555","Water Transport and Terminals - Total March Full-Time and Part-Time Employment","003","Local","8857","8857.0","0.00"
"0100000US","null","United States","01","Annual Survey of Public Employment and Payroll","2018","EP0555","Water Transport and Terminals - Total March Full-Time and Part-Time Employment","003","Local","9211","9211.0","0.79"
"0100000US","null","United States","01","Annual Survey of Public Employment and Payroll","2017","EP0560","Water Transport and Terminals - Total March Payroll","003","Local","55013075","55013075.0","0.00"
"0100000US","null","United States","01","Annual Survey of Public Employment and Payroll","2018","EP0560","Water Transport and Terminals - Total March Payroll","003","Local","57493315","57493315.0","0.76"
"0100000US","null","United States","01","Annual Survey of Public Employment and Payroll","2017","EP0565","Public Welfare - Full Time Employees","003","Local","254541","254541.0","0.00"
"0100000US","null","United States","01","Annual Survey of Public Employment and Payroll","2018","EP0565","Public Welfare - Full Time Employees","003","Local","258156","258156.0","0.19"
"0100000US","null","United States","01","Annual Survey of Public Employment and Payroll","2017","EP0570","Public Welfare - Full Time Pay","003","Local","1161798410","1161798410.0","0.00"
"0100000US","null","United States","01","Annual Survey of Public Employment and Payroll","2018","EP0570","Public Welfare - Full Time Pay","003","Local","1202565507","1202565507.0","0.25"
"0100000US","null","United States","01","Annual Survey of Public Employment and Payroll","2017","EP0575","Public Welfare - Part Time Employees","003","Local","34529","34529.0","0.00"
"0100000US","null","United States","01","Annual Survey of Public Employment and Payroll","2018","EP0575","Public Welfare - Part Time Employees","003","Local","34868","34868.0","0.21"
"0100000US","null","United States","01","Annual Survey of Public Employment and Payroll","2017","EP0580","Public Welfare - Part Time Pay","003","Local","53207157","53207157.0","0.00"
"0100000US","null","United States","01","Annual Survey of Public Employment and Payroll","2018","EP0580","Public Welfare - Part Time Pay","003","Local","53186261","53186261.0","0.21"
"0100000US","null","United States","01","Annual Survey of Public Employment and Payroll","2017","EP0585","Public Welfare - Part Time Hours","003","Local","3214943","3214943.0","0.00"
"0100000US","null","United States","01","Annual Survey of Public Employment and Payroll","2018","EP0585","Public Welfare - Part Time Hours","003","Local","3136086","3136086.0","0.35"
"0100000US","null","United States","01","Annual Survey of Public Employment and Payroll","2017","EP0590","Public Welfare - Full Time Equivalent","003","Local","272980","272980.0","0.00"
"0100000US","null","United States","01","Annual Survey of Public Employment and Payroll","2018","EP0590","Public Welfare - Full Time Equivalent","003","Local","276492","276492.0","0.18"
"0100000US","null","United States","01","Annual Survey of Public Employment and Payroll","2017","EP0595","Public Welfare - Total March Full-Time and Part-Time Employment","003","Local","289070","289070.0","0.00"
"0100000US","null","United States","01","Annual Survey of Public Employment and Payroll","2018","EP0595","Public Welfare - Total March Full-Time and Part-Time Employment","003","Local","293024","293024.0","0.17"
"0100000US","null","United States","01","Annual Survey of Public Employment and Payroll","2017","EP0600","Public Welfare - Total March Payroll","003","Local","1215005567","1215005567.0","0.00"
"0100000US","null","United States","01","Annual Survey of Public Employment and Payroll","2018","EP0600","Public Welfare - Total March Payroll","003","Local","1255751768","1255751768.0","0.24"
"0100000US","null","United States","01","Annual Survey of Public Employment and Payroll","2017","EP0605","Health - Full Time Employees","003","Local","230142","230142.0","0.00"
"0100000US","null","United States","01","Annual Survey of Public Employment and Payroll","2018","EP0605","Health - Full Time Employees","003","Local","234302","234302.0","0.16"
"0100000US","null","United States","01","Annual Survey of Public Employment and Payroll","2017","EP0610","Health - Full Time Pay","003","Local","1119589963","1119589963.0","0.00"
"0100000US","null","United States","01","Annual Survey of Public Employment and Payroll","2018","EP0610","Health - Full Time Pay","003","Local","1170468942","1170468942.0","0.13"
"0100000US","null","United States","01","Annual Survey of Public Employment and Payroll","2017","EP0615","Health - Part Time Employees","003","Local","50447","50447.0","0.00"
"0100000US","null","United States","01","Annual Survey of Public Employment and Payroll","2018","EP0615","Health - Part Time Employees","003","Local","51297","51297.0","0.12"
"0100000US","null","United States","01","Annual Survey of Public Employment and Payroll","2017","EP0620","Health - Part Time Pay","003","Local","91363276","91363276.0","0.00"
"0100000US","null","United States","01","Annual Survey of Public Employment and Payroll","2018","EP0620","Health - Part Time Pay","003","Local","92567558","92567558.0","0.16"
"0100000US","null","United States","01","Annual Survey of Public Employment and Payroll","2017","EP0625","Health - Part Time Hours","003","Local","4403534","4403534.0","0.00"
"0100000US","null","United States","01","Annual Survey of Public Employment and Payroll","2018","EP0625","Health - Part Time Hours","003","Local","4313359","4313359.0","0.16"
"0100000US","null","United States","01","Annual Survey of Public Employment and Payroll","2017","EP0630","Health - Full Time Equivalent","003","Local","254967","254967.0","0.00"
"0100000US","null","United States","01","Annual Survey of Public Employment and Payroll","2018","EP0630","Health - Full Time Equivalent","003","Local","259266","259266.0","0.12"
"0100000US","null","United States","01","Annual Survey of Public Employment and Payroll","2017","EP0635","Health - Total March Full-Time and Part-Time Employment","003","Local","280589","280589.0","0.00"
"0100000US","null","United States","01","Annual Survey of Public Employment and Payroll","2018","EP0635","Health - Total March Full-Time and Part-Time Employment","003","Local","285599","285599.0","0.13"
"0100000US","null","United States","01","Annual Survey of Public Employment and Payroll","2017","EP0640","Health - Total March Payroll","003","Local","1210953239","1210953239.0","0.00"
"0100000US","null","United States","01","Annual Survey of Public Employment and Payroll","2018","EP0640","Health - Total March Payroll","003","Local","1263036500","1263036500.0","0.12"
"0100000US","null","United States","01","Annual Survey of Public Employment and Payroll","2017","EP0645","Hospitals - Full Time Employees","003","Local","520020","520020.0","0.00"
"0100000US","null","United States","01","Annual Survey of Public Employment and Payroll","2018","EP0645","Hospitals - Full Time Employees","003","Local","552832","552832.0","0.29"
"0100000US","null","United States","01","Annual Survey of Public Employment and Payroll","2017","EP0650","Hospitals - Full Time Pay","003","Local","2928039444","2928039444.0","0.00"
"0100000US","null","United States","01","Annual Survey of Public Employment and Payroll","2018","EP0650","Hospitals - Full Time Pay","003","Local","3218178280","3218178280.0","0.25"
"0100000US","null","United States","01","Annual Survey of Public Employment and Payroll","2017","EP0655","Hospitals - Part Time Employees","003","Local","134211","134211.0","0.00"
"0100000US","null","United States","01","Annual Survey of Public Employment and Payroll","2018","EP0655","Hospitals - Part Time Employees","003","Local","138866","138866.0","0.22"
"0100000US","null","United States","01","Annual Survey of Public Employment and Payroll","2017","EP0660","Hospitals - Part Time Pay","003","Local","382933811","382933811.0","0.00"
"0100000US","null","United States","01","Annual Survey of Public Employment and Payroll","2018","EP0660","Hospitals - Part Time Pay","003","Local","394111542","394111542.0","0.21"
"0100000US","null","United States","01","Annual Survey of Public Employment and Payroll","2017","EP0665","Hospitals - Part Time Hours","003","Local","13972411","13972411.0","0.00"
"0100000US","null","United States","01","Annual Survey of Public Employment and Payroll","2018","EP0665","Hospitals - Part Time Hours","003","Local","14146267","14146267.0","0.39"
"0100000US","null","United States","01","Annual Survey of Public Employment and Payroll","2017","EP0670","Hospitals - Full Time Equivalent","003","Local","600376","600376.0","0.00"
"0100000US","null","United States","01","Annual Survey of Public Employment and Payroll","2018","EP0670","Hospitals - Full Time Equivalent","003","Local","634940","634940.0","0.25"
"0100000US","null","United States","01","Annual Survey of Public Employment and Payroll","2017","EP0675","Hospitals - Total March Full-Time and Part-Time Employment","003","Local","654231","654231.0","0.00"
"0100000US","null","United States","01","Annual Survey of Public Employment and Payroll","2018","EP0675","Hospitals - Total March Full-Time and Part-Time Employment","003","Local","691698","691698.0","0.23"
"0100000US","null","United States","01","Annual Survey of Public Employment and Payroll","2017","EP0680","Hospitals - Total March Payroll","003","Local","3310973255","3310973255.0","0.00"
"0100000US","null","United States","01","Annual Survey of Public Employment and Payroll","2018","EP0680","Hospitals - Total March Payroll","003","Local","3612289822","3612289822.0","0.22"
"0100000US","null","United States","01","Annual Survey of Public Employment and Payroll","2017","EP0685","Social Insurance Administration - Full Time Employees","003","Local","577","577.0","0.00"
"0100000US","null","United States","01","Annual Survey of Public Employment and Payroll","2018","EP0685","Social Insurance Administration - Full Time Employees","003","Local","612","612.0","0.00"
"0100000US","null","United States","01","Annual Survey of Public Employment and Payroll","2017","EP0690","Social Insurance Administration - Full Time Pay","003","Local","3685300","3685300.0","0.00"
"0100000US","null","United States","01","Annual Survey of Public Employment and Payroll","2018","EP0690","Social Insurance Administration - Full Time Pay","003","Local","3787443","3787443.0","0.00"
"0100000US","null","United States","01","Annual Survey of Public Employment and Payroll","2017","EP0695","Social Insurance Administration - Part Time Employees","003","Local","10","10.0","0.00"
"0100000US","null","United States","01","Annual Survey of Public Employment and Payroll","2018","EP0695","Social Insurance Administration - Part Time Employees","003","Local","10","10.0","0.00"
"0100000US","null","United States","01","Annual Survey of Public Employment and Payroll","2017","EP0700","Social Insurance Administration - Part Time Pay","003","Local","28237","28237.0","0.00"
"0100000US","null","United States","01","Annual Survey of Public Employment and Payroll","2018","EP0700","Social Insurance Administration - Part Time Pay","003","Local","29295","29295.0","0.00"
"0100000US","null","United States","01","Annual Survey of Public Employment and Payroll","2017","EP0705","Social Insurance Administration - Part Time Hours","003","Local","1585","1585.0","0.00"
"0100000US","null","United States","01","Annual Survey of Public Employment and Payroll","2018","EP0705","Social Insurance Administration - Part Time Hours","003","Local","1585","1585.0","0.00"
"0100000US","null","United States","01","Annual Survey of Public Employment and Payroll","2017","EP0710","Social Insurance Administration - Full Time Equivalent","003","Local","586","586.0","0.00"
"0100000US","null","United States","01","Annual Survey of Public Employment and Payroll","2018","EP0710","Social Insurance Administration - Full Time Equivalent","003","Local","621","621.0","0.00"
"0100000US","null","United States","01","Annual Survey of Public Employment and Payroll","2017","EP0715","Social Insurance Administration - Total March Full-Time and Part-Time Employment","003","Local","587","587.0","0.00"
"0100000US","null","United States","01","Annual Survey of Public Employment and Payroll","2018","EP0715","Social Insurance Administration - Total March Full-Time and Part-Time Employment","003","Local","622","622.0","0.00"
"0100000US","null","United States","01","Annual Survey of Public Employment and Payroll","2017","EP0720","Social Insurance Administration - Total March Payroll","003","Local","3713537","3713537.0","0.00"
"0100000US","null","United States","01","Annual Survey of Public Employment and Payroll","2018","EP0720","Social Insurance Administration - Total March Payroll","003","Local","3816738","3816738.0","0.00"
"0100000US","null","United States","01","Annual Survey of Public Employment and Payroll","2017","EP0725","Solid Waste Management - Full Time Employees","003","Local","95485","95485.0","0.00"
"0100000US","null","United States","01","Annual Survey of Public Employment and Payroll","2018","EP0725","Solid Waste Management - Full Time Employees","003","Local","98180","98180.0","0.06"
"0100000US","null","United States","01","Annual Survey of Public Employment and Payroll","2017","EP0730","Solid Waste Management - Full Time Pay","003","Local","444365718","444365718.0","0.00"
"0100000US","null","United States","01","Annual Survey of Public Employment and Payroll","2018","EP0730","Solid Waste Management - Full Time Pay","003","Local","475263035","475263035.0","0.07"
"0100000US","null","United States","01","Annual Survey of Public Employment and Payroll","2017","EP0735","Solid Waste Management - Part Time Employees","003","Local","15547","15547.0","0.00"
"0100000US","null","United States","01","Annual Survey of Public Employment and Payroll","2018","EP0735","Solid Waste Management - Part Time Employees","003","Local","16124","16124.0","0.19"
"0100000US","null","United States","01","Annual Survey of Public Employment and Payroll","2017","EP0740","Solid Waste Management - Part Time Pay","003","Local","16205524","16205524.0","0.00"
"0100000US","null","United States","01","Annual Survey of Public Employment and Payroll","2018","EP0740","Solid Waste Management - Part Time Pay","003","Local","17168485","17168485.0","0.20"
"0100000US","null","United States","01","Annual Survey of Public Employment and Payroll","2017","EP0745","Solid Waste Management - Part Time Hours","003","Local","1337589","1337589.0","0.00"
"0100000US","null","United States","01","Annual Survey of Public Employment and Payroll","2018","EP0745","Solid Waste Management - Part Time Hours","003","Local","1350787","1350787.0","0.22"
"0100000US","null","United States","01","Annual Survey of Public Employment and Payroll","2017","EP0750","Solid Waste Management - Full Time Equivalent","003","Local","102907","102907.0","0.00"
"0100000US","null","United States","01","Annual Survey of Public Employment and Payroll","2018","EP0750","Solid Waste Management - Full Time Equivalent","003","Local","105841","105841.0","0.06"
"0100000US","null","United States","01","Annual Survey of Public Employment and Payroll","2017","EP0755","Solid Waste Management - Total March Full-Time and Part-Time Employment","003","Local","111032","111032.0","0.00"
"0100000US","null","United States","01","Annual Survey of Public Employment and Payroll","2018","EP0755","Solid Waste Management - Total March Full-Time and Part-Time Employment","003","Local","114304","114304.0","0.06"
"0100000US","null","United States","01","Annual Survey of Public Employment and Payroll","2017","EP0760","Solid Waste Management - Total March Payroll","003","Local","460571242","460571242.0","0.00"
"0100000US","null","United States","01","Annual Survey of Public Employment and Payroll","2018","EP0760","Solid Waste Management - Total March Payroll","003","Local","492431520","492431520.0","0.07"
"0100000US","null","United States","01","Annual Survey of Public Employment and Payroll","2017","EP0765","Sewerage - Full Time Employees","003","Local","117207","117207.0","0.00"
"0100000US","null","United States","01","Annual Survey of Public Employment and Payroll","2018","EP0765","Sewerage - Full Time Employees","003","Local","121384","121384.0","0.05"
"0100000US","null","United States","01","Annual Survey of Public Employment and Payroll","2017","EP0770","Sewerage - Full Time Pay","003","Local","596794025","596794025.0","0.00"
"0100000US","null","United States","01","Annual Survey of Public Employment and Payroll","2018","EP0770","Sewerage - Full Time Pay","003","Local","629180685","629180685.0","0.06"
"0100000US","null","United States","01","Annual Survey of Public Employment and Payroll","2017","EP0775","Sewerage - Part Time Employees","003","Local","9051","9051.0","0.00"
"0100000US","null","United States","01","Annual Survey of Public Employment and Payroll","2018","EP0775","Sewerage - Part Time Employees","003","Local","10382","10382.0","0.12"
"0100000US","null","United States","01","Annual Survey of Public Employment and Payroll","2017","EP0780","Sewerage - Part Time Pay","003","Local","8958209","8958209.0","0.00"
"0100000US","null","United States","01","Annual Survey of Public Employment and Payroll","2018","EP0780","Sewerage - Part Time Pay","003","Local","10058087","10058087.0","0.14"
"0100000US","null","United States","01","Annual Survey of Public Employment and Payroll","2017","EP0785","Sewerage - Part Time Hours","003","Local","528548","528548.0","0.00"
"0100000US","null","United States","01","Annual Survey of Public Employment and Payroll","2018","EP0785","Sewerage - Part Time Hours","003","Local","550975","550975.0","0.14"
"0100000US","null","United States","01","Annual Survey of Public Employment and Payroll","2017","EP0790","Sewerage - Full Time Equivalent","003","Local","119598","119598.0","0.00"
"0100000US","null","United States","01","Annual Survey of Public Employment and Payroll","2018","EP0790","Sewerage - Full Time Equivalent","003","Local","124402","124402.0","0.05"
"0100000US","null","United States","01","Annual Survey of Public Employment and Payroll","2017","EP0795","Sewerage - Total March Full-Time and Part-Time Employment","003","Local","126258","126258.0","0.00"
"0100000US","null","United States","01","Annual Survey of Public Employment and Payroll","2018","EP0795","Sewerage - Total March Full-Time and Part-Time Employment","003","Local","131766","131766.0","0.05"
"0100000US","null","United States","01","Annual Survey of Public Employment and Payroll","2017","EP0800","Sewerage - Total March Payroll","003","Local","605752234","605752234.0","0.00"
"0100000US","null","United States","01","Annual Survey of Public Employment and Payroll","2018","EP0800","Sewerage - Total March Payroll","003","Local","639238772","639238772.0","0.06"
"0100000US","null","United States","01","Annual Survey of Public Employment and Payroll","2017","EP0805","Parks and Recreation - Full Time Employees","003","Local","157797","157797.0","0.00"
"0100000US","null","United States","01","Annual Survey of Public Employment and Payroll","2018","EP0805","Parks and Recreation - Full Time Employees","003","Local","162033","162033.0","0.04"
"0100000US","null","United States","01","Annual Survey of Public Employment and Payroll","2017","EP0810","Parks and Recreation - Full Time Pay","003","Local","692459766","692459766.0","0.00"
"0100000US","null","United States","01","Annual Survey of Public Employment and Payroll","2018","EP0810","Parks and Recreation - Full Time Pay","003","Local","732465662","732465662.0","0.13"
"0100000US","null","United States","01","Annual Survey of Public Employment and Payroll","2017","EP0815","Parks and Recreation - Part Time Employees","003","Local","222013","222013.0","0.00"
"0100000US","null","United States","01","Annual Survey of Public Employment and Payroll","2018","EP0815","Parks and Recreation - Part Time Employees","003","Local","226431","226431.0","0.32"
"0100000US","null","United States","01","Annual Survey of Public Employment and Payroll","2017","EP0820","Parks and Recreation - Part Time Pay","003","Local","182863149","182863149.0","0.00"
"0100000US","null","United States","01","Annual Survey of Public Employment and Payroll","2018","EP0820","Parks and Recreation - Part Time Pay","003","Local","187198035","187198035.0","0.29"
"0100000US","null","United States","01","Annual Survey of Public Employment and Payroll","2017","EP0825","Parks and Recreation - Part Time Hours","003","Local","14380965","14380965.0","0.00"
"0100000US","null","United States","01","Annual Survey of Public Employment and Payroll","2018","EP0825","Parks and Recreation - Part Time Hours","003","Local","14288854","14288854.0","0.29"
"0100000US","null","United States","01","Annual Survey of Public Employment and Payroll","2017","EP0830","Parks and Recreation - Full Time Equivalent","003","Local","239084","239084.0","0.00"
"0100000US","null","United States","01","Annual Survey of Public Employment and Payroll","2018","EP0830","Parks and Recreation - Full Time Equivalent","003","Local","243387","243387.0","0.09"
"0100000US","null","United States","01","Annual Survey of Public Employment and Payroll","2017","EP0835","Parks and Recreation - Total March Full-Time and Part-Time Employment","003","Local","379810","379810.0","0.00"
"0100000US","null","United States","01","Annual Survey of Public Employment and Payroll","2018","EP0835","Parks and Recreation - Total March Full-Time and Part-Time Employment","003","Local","388464","388464.0","0.19"
"0100000US","null","United States","01","Annual Survey of Public Employment and Payroll","2017","EP0840","Parks and Recreation - Total March Payroll","003","Local","875322915","875322915.0","0.00"
"0100000US","null","United States","01","Annual Survey of Public Employment and Payroll","2018","EP0840","Parks and Recreation - Total March Payroll","003","Local","919663697","919663697.0","0.12"
"0100000US","null","United States","01","Annual Survey of Public Employment and Payroll","2017","EP0845","Housing and Community Development - Full Time Employees","003","Local","96977","96977.0","0.00"
"0100000US","null","United States","01","Annual Survey of Public Employment and Payroll","2018","EP0845","Housing and Community Development - Full Time Employees","003","Local","99692","99692.0","0.13"
"0100000US","null","United States","01","Annual Survey of Public Employment and Payroll","2017","EP0850","Housing and Community Development - Full Time Pay","003","Local","480993770","480993770.0","0.00"
"0100000US","null","United States","01","Annual Survey of Public Employment and Payroll","2018","EP0850","Housing and Community Development - Full Time Pay","003","Local","504191081","504191081.0","0.16"
"0100000US","null","United States","01","Annual Survey of Public Employment and Payroll","2017","EP0855","Housing and Community Development - Part Time Employees","003","Local","11639","11639.0","0.00"
"0100000US","null","United States","01","Annual Survey of Public Employment and Payroll","2018","EP0855","Housing and Community Development - Part Time Employees","003","Local","11740","11740.0","0.20"
"0100000US","null","United States","01","Annual Survey of Public Employment and Payroll","2017","EP0860","Housing and Community Development - Part Time Pay","003","Local","15705733","15705733.0","0.00"
"0100000US","null","United States","01","Annual Survey of Public Employment and Payroll","2018","EP0860","Housing and Community Development - Part Time Pay","003","Local","15574263","15574263.0","0.22"
"0100000US","null","United States","01","Annual Survey of Public Employment and Payroll","2017","EP0865","Housing and Community Development - Part Time Hours","003","Local","922426","922426.0","0.00"
"0100000US","null","United States","01","Annual Survey of Public Employment and Payroll","2018","EP0865","Housing and Community Development - Part Time Hours","003","Local","900411","900411.0","0.21"
"0100000US","null","United States","01","Annual Survey of Public Employment and Payroll","2017","EP0870","Housing and Community Development - Full Time Equivalent","003","Local","102024","102024.0","0.00"
"0100000US","null","United States","01","Annual Survey of Public Employment and Payroll","2018","EP0870","Housing and Community Development - Full Time Equivalent","003","Local","105105","105105.0","0.12"
"0100000US","null","United States","01","Annual Survey of Public Employment and Payroll","2017","EP0875","Housing and Community Development - Total March Full-Time and Part-Time Employment","003","Local","108616","108616.0","0.00"
"0100000US","null","United States","01","Annual Survey of Public Employment and Payroll","2018","EP0875","Housing and Community Development - Total March Full-Time and Part-Time Employment","003","Local","111432","111432.0","0.12"
"0100000US","null","United States","01","Annual Survey of Public Employment and Payroll","2017","EP0880","Housing and Community Development - Total March Payroll","003","Local","496699503","496699503.0","0.00"
"0100000US","null","United States","01","Annual Survey of Public Employment and Payroll","2018","EP0880","Housing and Community Development - Total March Payroll","003","Local","519765344","519765344.0","0.15"
"0100000US","null","United States","01","Annual Survey of Public Employment and Payroll","2017","EP0885","Natural Resources - Full Time Employees","003","Local","35499","35499.0","0.00"
"0100000US","null","United States","01","Annual Survey of Public Employment and Payroll","2018","EP0885","Natural Resources - Full Time Employees","003","Local","37458","37458.0","0.14"
"0100000US","null","United States","01","Annual Survey of Public Employment and Payroll","2017","EP0890","Natural Resources - Full Time Pay","003","Local","170199691","170199691.0","0.00"
"0100000US","null","United States","01","Annual Survey of Public Employment and Payroll","2018","EP0890","Natural Resources - Full Time Pay","003","Local","181462785","181462785.0","0.14"
"0100000US","null","United States","01","Annual Survey of Public Employment and Payroll","2017","EP0895","Natural Resources - Part Time Employees","003","Local","8835","8835.0","0.00"
"0100000US","null","United States","01","Annual Survey of Public Employment and Payroll","2018","EP0895","Natural Resources - Part Time Employees","003","Local","8825","8825.0","0.22"
"0100000US","null","United States","01","Annual Survey of Public Employment and Payroll","2017","EP0900","Natural Resources - Part Time Pay","003","Local","7934560","7934560.0","0.00"
"0100000US","null","United States","01","Annual Survey of Public Employment and Payroll","2018","EP0900","Natural Resources - Part Time Pay","003","Local","8674776","8674776.0","0.26"
"0100000US","null","United States","01","Annual Survey of Public Employment and Payroll","2017","EP0905","Natural Resources - Part Time Hours","003","Local","505327","505327.0","0.00"
"0100000US","null","United States","01","Annual Survey of Public Employment and Payroll","2018","EP0905","Natural Resources - Part Time Hours","003","Local","527603","527603.0","0.26"
"0100000US","null","United States","01","Annual Survey of Public Employment and Payroll","2017","EP0910","Natural Resources - Full Time Equivalent","003","Local","37879","37879.0","0.00"
"0100000US","null","United States","01","Annual Survey of Public Employment and Payroll","2018","EP0910","Natural Resources - Full Time Equivalent","003","Local","40485","40485.0","0.13"
"0100000US","null","United States","01","Annual Survey of Public Employment and Payroll","2017","EP0915","Natural Resources - Total March Full-Time and Part-Time Employment","003","Local","44334","44334.0","0.00"
"0100000US","null","United States","01","Annual Survey of Public Employment and Payroll","2018","EP0915","Natural Resources - Total March Full-Time and Part-Time Employment","003","Local","46283","46283.0","0.12"
"0100000US","null","United States","01","Annual Survey of Public Employment and Payroll","2017","EP0920","Natural Resources - Total March Payroll","003","Local","178134251","178134251.0","0.00"
"0100000US","null","United States","01","Annual Survey of Public Employment and Payroll","2018","EP0920","Natural Resources - Total March Payroll","003","Local","190137561","190137561.0","0.14"
"0100000US","null","United States","01","Annual Survey of Public Employment and Payroll","2017","EP0925","Water Supply - Full Time Employees","003","Local","166181","166181.0","0.00"
"0100000US","null","United States","01","Annual Survey of Public Employment and Payroll","2018","EP0925","Water Supply - Full Time Employees","003","Local","168887","168887.0","0.04"
"0100000US","null","United States","01","Annual Survey of Public Employment and Payroll","2017","EP0930","Water Supply - Full Time Pay","003","Local","878290478","878290478.0","0.00"
"0100000US","null","United States","01","Annual Survey of Public Employment and Payroll","2018","EP0930","Water Supply - Full Time Pay","003","Local","911511472","911511472.0","0.04"
"0100000US","null","United States","01","Annual Survey of Public Employment and Payroll","2017","EP0935","Water Supply - Part Time Employees","003","Local","15153","15153.0","0.00"
"0100000US","null","United States","01","Annual Survey of Public Employment and Payroll","2018","EP0935","Water Supply - Part Time Employees","003","Local","16685","16685.0","0.08"
"0100000US","null","United States","01","Annual Survey of Public Employment and Payroll","2017","EP0940","Water Supply - Part Time Pay","003","Local","15855215","15855215.0","0.00"
"0100000US","null","United States","01","Annual Survey of Public Employment and Payroll","2018","EP0940","Water Supply - Part Time Pay","003","Local","16792904","16792904.0","0.10"
"0100000US","null","United States","01","Annual Survey of Public Employment and Payroll","2017","EP0945","Water Supply - Part Time Hours","003","Local","912818","912818.0","0.00"
"0100000US","null","United States","01","Annual Survey of Public Employment and Payroll","2018","EP0945","Water Supply - Part Time Hours","003","Local","951426","951426.0","0.09"
"0100000US","null","United States","01","Annual Survey of Public Employment and Payroll","2017","EP0950","Water Supply - Full Time Equivalent","003","Local","170360","170360.0","0.00"
"0100000US","null","United States","01","Annual Survey of Public Employment and Payroll","2018","EP0950","Water Supply - Full Time Equivalent","003","Local","174114","174114.0","0.04"
"0100000US","null","United States","01","Annual Survey of Public Employment and Payroll","2017","EP0955","Water Supply - Total March Full-Time and Part-Time Employment","003","Local","181334","181334.0","0.00"
"0100000US","null","United States","01","Annual Survey of Public Employment and Payroll","2018","EP0955","Water Supply - Total March Full-Time and Part-Time Employment","003","Local","185572","185572.0","0.04"
"0100000US","null","United States","01","Annual Survey of Public Employment and Payroll","2017","EP0960","Water Supply - Total March Payroll","003","Local","894145693","894145693.0","0.00"
"0100000US","null","United States","01","Annual Survey of Public Employment and Payroll","2018","EP0960","Water Supply - Total March Payroll","003","Local","928304376","928304376.0","0.04"
"0100000US","null","United States","01","Annual Survey of Public Employment and Payroll","2017","EP0965","Electric Power - Full Time Employees","003","Local","70897","70897.0","0.00"
"0100000US","null","United States","01","Annual Survey of Public Employment and Payroll","2018","EP0965","Electric Power - Full Time Employees","003","Local","71996","71996.0","0.17"
"0100000US","null","United States","01","Annual Survey of Public Employment and Payroll","2017","EP0970","Electric Power - Full Time Pay","003","Local","547937256","547937256.0","0.00"
"0100000US","null","United States","01","Annual Survey of Public Employment and Payroll","2018","EP0970","Electric Power - Full Time Pay","003","Local","565836044","565836044.0","0.16"
"0100000US","null","United States","01","Annual Survey of Public Employment and Payroll","2017","EP0975","Electric Power - Part Time Employees","003","Local","2513","2513.0","0.00"
"0100000US","null","United States","01","Annual Survey of Public Employment and Payroll","2018","EP0975","Electric Power - Part Time Employees","003","Local","2606","2606.0","0.57"
"0100000US","null","United States","01","Annual Survey of Public Employment and Payroll","2017","EP0980","Electric Power - Part Time Pay","003","Local","6055518","6055518.0","0.00"
"0100000US","null","United States","01","Annual Survey of Public Employment and Payroll","2018","EP0980","Electric Power - Part Time Pay","003","Local","5804675","5804675.0","0.43"
"0100000US","null","United States","01","Annual Survey of Public Employment and Payroll","2017","EP0985","Electric Power - Part Time Hours","003","Local","244586","244586.0","0.00"
"0100000US","null","United States","01","Annual Survey of Public Employment and Payroll","2018","EP0985","Electric Power - Part Time Hours","003","Local","237481","237481.0","0.46"
"0100000US","null","United States","01","Annual Survey of Public Employment and Payroll","2017","EP0990","Electric Power - Full Time Equivalent","003","Local","72257","72257.0","0.00"
"0100000US","null","United States","01","Annual Survey of Public Employment and Payroll","2018","EP0990","Electric Power - Full Time Equivalent","003","Local","73354","73354.0","0.16"
"0100000US","null","United States","01","Annual Survey of Public Employment and Payroll","2017","EP0995","Electric Power - Total March Full-Time and Part-Time Employment","003","Local","73410","73410.0","0.00"
"0100000US","null","United States","01","Annual Survey of Public Employment and Payroll","2018","EP0995","Electric Power - Total March Full-Time and Part-Time Employment","003","Local","74602","74602.0","0.16"
"0100000US","null","United States","01","Annual Survey of Public Employment and Payroll","2017","EP1000","Electric Power - Total March Payroll","003","Local","553992774","553992774.0","0.00"
"0100000US","null","United States","01","Annual Survey of Public Employment and Payroll","2018","EP1000","Electric Power - Total March Payroll","003","Local","571640719","571640719.0","0.16"
"0100000US","null","United States","01","Annual Survey of Public Employment and Payroll","2017","EP1005","Gas Supply - Full Time Employees","003","Local","11283","11283.0","0.00"
"0100000US","null","United States","01","Annual Survey of Public Employment and Payroll","2018","EP1005","Gas Supply - Full Time Employees","003","Local","11265","11265.0","0.56"
"0100000US","null","United States","01","Annual Survey of Public Employment and Payroll","2017","EP1010","Gas Supply - Full Time Pay","003","Local","57737582","57737582.0","0.00"
"0100000US","null","United States","01","Annual Survey of Public Employment and Payroll","2018","EP1010","Gas Supply - Full Time Pay","003","Local","59225388","59225388.0","0.56"
"0100000US","null","United States","01","Annual Survey of Public Employment and Payroll","2017","EP1015","Gas Supply - Part Time Employees","003","Local","435","435.0","0.00"
"0100000US","null","United States","01","Annual Survey of Public Employment and Payroll","2018","EP1015","Gas Supply - Part Time Employees","003","Local","518","518.0","1.67"
"0100000US","null","United States","01","Annual Survey of Public Employment and Payroll","2017","EP1020","Gas Supply - Part Time Pay","003","Local","659668","659668.0","0.00"
"0100000US","null","United States","01","Annual Survey of Public Employment and Payroll","2018","EP1020","Gas Supply - Part Time Pay","003","Local","753330","753330.0","1.28"
"0100000US","null","United States","01","Annual Survey of Public Employment and Payroll","2017","EP1025","Gas Supply - Part Time Hours","003","Local","44940","44940.0","0.00"
"0100000US","null","United States","01","Annual Survey of Public Employment and Payroll","2018","EP1025","Gas Supply - Part Time Hours","003","Local","46964","46964.0","1.57"
"0100000US","null","United States","01","Annual Survey of Public Employment and Payroll","2017","EP1030","Gas Supply - Full Time Equivalent","003","Local","11540","11540.0","0.00"
"0100000US","null","United States","01","Annual Survey of Public Employment and Payroll","2018","EP1030","Gas Supply - Full Time Equivalent","003","Local","11537","11537.0","0.55"
"0100000US","null","United States","01","Annual Survey of Public Employment and Payroll","2017","EP1035","Gas Supply - Total March Full-Time and Part-Time Employment","003","Local","11718","11718.0","0.00"
"0100000US","null","United States","01","Annual Survey of Public Employment and Payroll","2018","EP1035","Gas Supply - Total March Full-Time and Part-Time Employment","003","Local","11783","11783.0","0.54"
"0100000US","null","United States","01","Annual Survey of Public Employment and Payroll","2017","EP1040","Gas Supply - Total March Payroll","003","Local","58397250","58397250.0","0.00"
"0100000US","null","United States","01","Annual Survey of Public Employment and Payroll","2018","EP1040","Gas Supply - Total March Payroll","003","Local","59978718","59978718.0","0.56"
"0100000US","null","United States","01","Annual Survey of Public Employment and Payroll","2017","EP1045","Transit - Full Time Employees","003","Local","202639","202639.0","0.00"
"0100000US","null","United States","01","Annual Survey of Public Employment and Payroll","2018","EP1045","Transit - Full Time Employees","003","Local","206994","206994.0","0.12"
"0100000US","null","United States","01","Annual Survey of Public Employment and Payroll","2017","EP1050","Transit - Full Time Pay","003","Local","1229188749","1229188749.0","0.00"
"0100000US","null","United States","01","Annual Survey of Public Employment and Payroll","2018","EP1050","Transit - Full Time Pay","003","Local","1300921354","1300921354.0","0.10"
"0100000US","null","United States","01","Annual Survey of Public Employment and Payroll","2017","EP1055","Transit - Part Time Employees","003","Local","16778","16778.0","0.00"
"0100000US","null","United States","01","Annual Survey of Public Employment and Payroll","2018","EP1055","Transit - Part Time Employees","003","Local","16683","16683.0","0.47"
"0100000US","null","United States","01","Annual Survey of Public Employment and Payroll","2017","EP1060","Transit - Part Time Pay","003","Local","33100267","33100267.0","0.00"
"0100000US","null","United States","01","Annual Survey of Public Employment and Payroll","2018","EP1060","Transit - Part Time Pay","003","Local","33550500","33550500.0","0.32"
"0100000US","null","United States","01","Annual Survey of Public Employment and Payroll","2017","EP1065","Transit - Part Time Hours","003","Local","1920284","1920284.0","0.00"
"0100000US","null","United States","01","Annual Survey of Public Employment and Payroll","2018","EP1065","Transit - Part Time Hours","003","Local","1860127","1860127.0","0.34"
"0100000US","null","United States","01","Annual Survey of Public Employment and Payroll","2017","EP1070","Transit - Full Time Equivalent","003","Local","213613","213613.0","0.00"
"0100000US","null","United States","01","Annual Survey of Public Employment and Payroll","2018","EP1070","Transit - Full Time Equivalent","003","Local","217705","217705.0","0.12"
"0100000US","null","United States","01","Annual Survey of Public Employment and Payroll","2017","EP1075","Transit - Total March Full-Time and Part-Time Employment","003","Local","219417","219417.0","0.00"
"0100000US","null","United States","01","Annual Survey of Public Employment and Payroll","2018","EP1075","Transit - Total March Full-Time and Part-Time Employment","003","Local","223677","223677.0","0.12"
"0100000US","null","United States","01","Annual Survey of Public Employment and Payroll","2017","EP1080","Transit - Total March Payroll","003","Local","1262289016","1262289016.0","0.00"
"0100000US","null","United States","01","Annual Survey of Public Employment and Payroll","2018","EP1080","Transit - Total March Payroll","003","Local","1334471854","1334471854.0","0.10"
"0100000US","null","United States","01","Annual Survey of Public Employment and Payroll","2017","EP1165","Education - Elementary and Secondary Instructional - Full Time Employees","003","Local","4298038","4298038.0","0.00"
"0100000US","null","United States","01","Annual Survey of Public Employment and Payroll","2018","EP1165","Education - Elementary and Secondary Instructional - Full Time Employees","003","Local","4319468","4319468.0","0.21"
"0100000US","null","United States","01","Annual Survey of Public Employment and Payroll","2017","EP1170","Education - Elementary and Secondary Instructional - Full Time Pay","003","Local","21409512916","21409512916.0","0.00"
"0100000US","null","United States","01","Annual Survey of Public Employment and Payroll","2018","EP1170","Education - Elementary and Secondary Instructional - Full Time Pay","003","Local","21817354637","21817354637.0","0.20"
"0100000US","null","United States","01","Annual Survey of Public Employment and Payroll","2017","EP1175","Education - Elementary and Secondary Instructional - Part Time Employees","003","Local","981798","981798.0","0.00"
"0100000US","null","United States","01","Annual Survey of Public Employment and Payroll","2018","EP1175","Education - Elementary and Secondary Instructional - Part Time Employees","003","Local","956422","956422.0","0.20"
"0100000US","null","United States","01","Annual Survey of Public Employment and Payroll","2017","EP1180","Education - Elementary and Secondary Instructional - Part Time Pay","003","Local","1298240175","1298240175.0","0.00"
"0100000US","null","United States","01","Annual Survey of Public Employment and Payroll","2018","EP1180","Education - Elementary and Secondary Instructional - Part Time Pay","003","Local","1274697435","1274697435.0","0.16"
"0100000US","null","United States","01","Annual Survey of Public Employment and Payroll","2017","EP1185","Education - Elementary and Secondary Instructional - Part Time Hours","003","Local","71536921","71536921.0","0.00"
"0100000US","null","United States","01","Annual Survey of Public Employment and Payroll","2018","EP1185","Education - Elementary and Secondary Instructional - Part Time Hours","003","Local","68262160","68262160.0","0.23"
"0100000US","null","United States","01","Annual Survey of Public Employment and Payroll","2017","EP1190","Education - Elementary and Secondary Instructional - Full Time Equivalent","003","Local","4721653","4721653.0","0.00"
"0100000US","null","United States","01","Annual Survey of Public Employment and Payroll","2018","EP1190","Education - Elementary and Secondary Instructional - Full Time Equivalent","003","Local","4719101","4719101.0","0.20"
"0100000US","null","United States","01","Annual Survey of Public Employment and Payroll","2017","EP1195","Education - Elementary and Secondary Instructional - Total March Full-Time and Part-Time Employment","003","Local","5279836","5279836.0","0.00"
"0100000US","null","United States","01","Annual Survey of Public Employment and Payroll","2018","EP1195","Education - Elementary and Secondary Instructional - Total March Full-Time and Part-Time Employment","003","Local","5275890","5275890.0","0.17"
"0100000US","null","United States","01","Annual Survey of Public Employment and Payroll","2017","EP1200","Education - Elementary and Secondary Instructional - Total March Payroll","003","Local","22707753091","22707753091.0","0.00"
"0100000US","null","United States","01","Annual Survey of Public Employment and Payroll","2018","EP1200","Education - Elementary and Secondary Instructional - Total March Payroll","003","Local","23092052072","23092052072.0","0.19"
"0100000US","null","United States","01","Annual Survey of Public Employment and Payroll","2017","EP1205","Education - Elementary and Secondary Other - Full Time Employees","003","Local","1647174","1647174.0","0.00"
"0100000US","null","United States","01","Annual Survey of Public Employment and Payroll","2018","EP1205","Education - Elementary and Secondary Other - Full Time Employees","003","Local","1669209","1669209.0","0.20"
"0100000US","null","United States","01","Annual Survey of Public Employment and Payroll","2017","EP1210","Education - Elementary and Secondary Other - Full Time Pay","003","Local","5232444665","5232444665.0","0.00"
"0100000US","null","United States","01","Annual Survey of Public Employment and Payroll","2018","EP1210","Education - Elementary and Secondary Other - Full Time Pay","003","Local","5407113934","5407113934.0","0.10"
"0100000US","null","United States","01","Annual Survey of Public Employment and Payroll","2017","EP1215","Education - Elementary and Secondary Other - Part Time Employees","003","Local","825198","825198.0","0.00"
"0100000US","null","United States","01","Annual Survey of Public Employment and Payroll","2018","EP1215","Education - Elementary and Secondary Other - Part Time Employees","003","Local","797584","797584.0","0.16"
"0100000US","null","United States","01","Annual Survey of Public Employment and Payroll","2017","EP1220","Education - Elementary and Secondary Other - Part Time Pay","003","Local","1042161896","1042161896.0","0.00"
"0100000US","null","United States","01","Annual Survey of Public Employment and Payroll","2018","EP1220","Education - Elementary and Secondary Other - Part Time Pay","003","Local","1027630909","1027630909.0","0.19"
"0100000US","null","United States","01","Annual Survey of Public Employment and Payroll","2017","EP1225","Education - Elementary and Secondary Other - Part Time Hours","003","Local","68939336","68939336.0","0.00"
"0100000US","null","United States","01","Annual Survey of Public Employment and Payroll","2018","EP1225","Education - Elementary and Secondary Other - Part Time Hours","003","Local","64213962","64213962.0","0.28"
"0100000US","null","United States","01","Annual Survey of Public Employment and Payroll","2017","EP1230","Education - Elementary and Secondary Other - Full Time Equivalent","003","Local","2060404","2060404.0","0.00"
"0100000US","null","United States","01","Annual Survey of Public Employment and Payroll","2018","EP1230","Education - Elementary and Secondary Other - Full Time Equivalent","003","Local","2052230","2052230.0","0.17"
"0100000US","null","United States","01","Annual Survey of Public Employment and Payroll","2017","EP1235","Education - Elementary and Secondary Other - Total March Full-Time and Part-Time Employment","003","Local","2472372","2472372.0","0.00"
"0100000US","null","United States","01","Annual Survey of Public Employment and Payroll","2018","EP1235","Education - Elementary and Secondary Other - Total March Full-Time and Part-Time Employment","003","Local","2466793","2466793.0","0.15"
"0100000US","null","United States","01","Annual Survey of Public Employment and Payroll","2017","EP1240","Education - Elementary and Secondary Other - Total March Payroll","003","Local","6274606561","6274606561.0","0.00"
"0100000US","null","United States","01","Annual Survey of Public Employment and Payroll","2018","EP1240","Education - Elementary and Secondary Other - Total March Payroll","003","Local","6434744843","6434744843.0","0.09"
"0100000US","null","United States","01","Annual Survey of Public Employment and Payroll","2017","EP1285","Education - Higher Education Instructional - Full Time Employees","003","Local","88789","88789.0","0.00"
"0100000US","null","United States","01","Annual Survey of Public Employment and Payroll","2018","EP1285","Education - Higher Education Instructional - Full Time Employees","003","Local","87503","87503.0","0.40"
"0100000US","null","United States","01","Annual Survey of Public Employment and Payroll","2017","EP1290","Education - Higher Education Instructional - Full Time Pay","003","Local","637608399","637608399.0","0.00"
"0100000US","null","United States","01","Annual Survey of Public Employment and Payroll","2018","EP1290","Education - Higher Education Instructional - Full Time Pay","003","Local","644588462","644588462.0","0.42"
"0100000US","null","United States","01","Annual Survey of Public Employment and Payroll","2017","EP1295","Education - Higher Education Instructional - Part Time Employees","003","Local","191195","191195.0","0.00"
"0100000US","null","United States","01","Annual Survey of Public Employment and Payroll","2018","EP1295","Education - Higher Education Instructional - Part Time Employees","003","Local","185349","185349.0","0.72"
"0100000US","null","United States","01","Annual Survey of Public Employment and Payroll","2017","EP1300","Education - Higher Education Instructional - Part Time Pay","003","Local","301700068","301700068.0","0.00"
"0100000US","null","United States","01","Annual Survey of Public Employment and Payroll","2018","EP1300","Education - Higher Education Instructional - Part Time Pay","003","Local","298639927","298639927.0","0.77"
"0100000US","null","United States","01","Annual Survey of Public Employment and Payroll","2017","EP1305","Education - Higher Education Instructional - Part Time Hours","003","Local","7915253","7915253.0","0.00"
"0100000US","null","United States","01","Annual Survey of Public Employment and Payroll","2018","EP1305","Education - Higher Education Instructional - Part Time Hours","003","Local","7605370","7605370.0","1.03"
"0100000US","null","United States","01","Annual Survey of Public Employment and Payroll","2017","EP1310","Education - Higher Education Instructional - Full Time Equivalent","003","Local","134350","134350.0","0.00"
"0100000US","null","United States","01","Annual Survey of Public Employment and Payroll","2018","EP1310","Education - Higher Education Instructional - Full Time Equivalent","003","Local","131738","131738.0","0.43"
"0100000US","null","United States","01","Annual Survey of Public Employment and Payroll","2017","EP1315","Education - Higher Education Instructional - Total March Full-Time and Part-Time Employment","003","Local","279984","279984.0","0.00"
"0100000US","null","United States","01","Annual Survey of Public Employment and Payroll","2018","EP1315","Education - Higher Education Instructional - Total March Full-Time and Part-Time Employment","003","Local","272852","272852.0","0.50"
"0100000US","null","United States","01","Annual Survey of Public Employment and Payroll","2017","EP1320","Education - Higher Education Instructional - Total March Payroll","003","Local","939308467","939308467.0","0.00"
"0100000US","null","United States","01","Annual Survey of Public Employment and Payroll","2018","EP1320","Education - Higher Education Instructional - Total March Payroll","003","Local","943228389","943228389.0","0.38"
"0100000US","null","United States","01","Annual Survey of Public Employment and Payroll","2017","EP1325","Education - Higher Education Other - Full Time Employees","003","Local","153181","153181.0","0.00"
"0100000US","null","United States","01","Annual Survey of Public Employment and Payroll","2018","EP1325","Education - Higher Education Other - Full Time Employees","003","Local","151292","151292.0","0.45"
"0100000US","null","United States","01","Annual Survey of Public Employment and Payroll","2017","EP1330","Education - Higher Education Other - Full Time Pay","003","Local","734073837","734073837.0","0.00"
"0100000US","null","United States","01","Annual Survey of Public Employment and Payroll","2018","EP1330","Education - Higher Education Other - Full Time Pay","003","Local","743167856","743167856.0","0.46"
"0100000US","null","United States","01","Annual Survey of Public Employment and Payroll","2017","EP1335","Education - Higher Education Other - Part Time Employees","003","Local","152739","152739.0","0.00"
"0100000US","null","United States","01","Annual Survey of Public Employment and Payroll","2018","EP1335","Education - Higher Education Other - Part Time Employees","003","Local","144393","144393.0","0.71"
"0100000US","null","United States","01","Annual Survey of Public Employment and Payroll","2017","EP1340","Education - Higher Education Other - Part Time Pay","003","Local","129664250","129664250.0","0.00"
"0100000US","null","United States","01","Annual Survey of Public Employment and Payroll","2018","EP1340","Education - Higher Education Other - Part Time Pay","003","Local","127039552","127039552.0","0.68"
"0100000US","null","United States","01","Annual Survey of Public Employment and Payroll","2017","EP1345","Education - Higher Education Other - Part Time Hours","003","Local","8990063","8990063.0","0.00"
"0100000US","null","United States","01","Annual Survey of Public Employment and Payroll","2018","EP1345","Education - Higher Education Other - Part Time Hours","003","Local","8230185","8230185.0","0.57"
"0100000US","null","United States","01","Annual Survey of Public Employment and Payroll","2017","EP1350","Education - Higher Education Other - Full Time Equivalent","003","Local","204751","204751.0","0.00"
"0100000US","null","United States","01","Annual Survey of Public Employment and Payroll","2018","EP1350","Education - Higher Education Other - Full Time Equivalent","003","Local","198864","198864.0","0.37"
"0100000US","null","United States","01","Annual Survey of Public Employment and Payroll","2017","EP1355","Education - Higher Education Other - Total March Full-Time and Part-Time Employment","003","Local","305920","305920.0","0.00"
"0100000US","null","United States","01","Annual Survey of Public Employment and Payroll","2018","EP1355","Education - Higher Education Other - Total March Full-Time and Part-Time Employment","003","Local","295685","295685.0","0.42"
"0100000US","null","United States","01","Annual Survey of Public Employment and Payroll","2017","EP1360","Education - Higher Education Other - Total March Payroll","003","Local","863738087","863738087.0","0.00"
"0100000US","null","United States","01","Annual Survey of Public Employment and Payroll","2018","EP1360","Education - Higher Education Other - Total March Payroll","003","Local","870207408","870207408.0","0.40"
"0100000US","null","United States","01","Annual Survey of Public Employment and Payroll","2017","EP1405","Libraries - Full Time Employees","003","Local","87454","87454.0","0.00"
"0100000US","null","United States","01","Annual Survey of Public Employment and Payroll","2018","EP1405","Libraries - Full Time Employees","003","Local","89389","89389.0","0.10"
"0100000US","null","United States","01","Annual Survey of Public Employment and Payroll","2017","EP1410","Libraries - Full Time Pay","003","Local","364058525","364058525.0","0.00"
"0100000US","null","United States","01","Annual Survey of Public Employment and Payroll","2018","EP1410","Libraries - Full Time Pay","003","Local","380049950","380049950.0","0.15"
"0100000US","null","United States","01","Annual Survey of Public Employment and Payroll","2017","EP1415","Libraries - Part Time Employees","003","Local","94302","94302.0","0.00"
"0100000US","null","United States","01","Annual Survey of Public Employment and Payroll","2018","EP1415","Libraries - Part Time Employees","003","Local","96012","96012.0","0.09"
"0100000US","null","United States","01","Annual Survey of Public Employment and Payroll","2017","EP1420","Libraries - Part Time Pay","003","Local","106182439","106182439.0","0.00"
"0100000US","null","United States","01","Annual Survey of Public Employment and Payroll","2018","EP1420","Libraries - Part Time Pay","003","Local","108502681","108502681.0","0.12"
"0100000US","null","United States","01","Annual Survey of Public Employment and Payroll","2017","EP1425","Libraries - Part Time Hours","003","Local","7431819","7431819.0","0.00"
"0100000US","null","United States","01","Annual Survey of Public Employment and Payroll","2018","EP1425","Libraries - Part Time Hours","003","Local","7413764","7413764.0","0.10"
"0100000US","null","United States","01","Annual Survey of Public Employment and Payroll","2017","EP1430","Libraries - Full Time Equivalent","003","Local","129826","129826.0","0.00"
"0100000US","null","United States","01","Annual Survey of Public Employment and Payroll","2018","EP1430","Libraries - Full Time Equivalent","003","Local","132133","132133.0","0.07"
"0100000US","null","United States","01","Annual Survey of Public Employment and Payroll","2017","EP1435","Libraries - Total March Full-Time and Part-Time Employment","003","Local","181756","181756.0","0.00"
"0100000US","null","United States","01","Annual Survey of Public Employment and Payroll","2018","EP1435","Libraries - Total March Full-Time and Part-Time Employment","003","Local","185401","185401.0","0.07"
"0100000US","null","United States","01","Annual Survey of Public Employment and Payroll","2017","EP1440","Libraries - Total March Payroll","003","Local","470240964","470240964.0","0.00"
"0100000US","null","United States","01","Annual Survey of Public Employment and Payroll","2018","EP1440","Libraries - Total March Payroll","003","Local","488552631","488552631.0","0.12"
"0100000US","null","United States","01","Annual Survey of Public Employment and Payroll","2017","EP1485","All other and unallocable - Full Time Employees","003","Local","243975","243975.0","0.00"
"0100000US","null","United States","01","Annual Survey of Public Employment and Payroll","2018","EP1485","All other and unallocable - Full Time Employees","003","Local","236226","236226.0","0.08"
"0100000US","null","United States","01","Annual Survey of Public Employment and Payroll","2017","EP1490","All other and unallocable - Full Time Pay","003","Local","1229111680","1229111680.0","0.00"
"0100000US","null","United States","01","Annual Survey of Public Employment and Payroll","2018","EP1490","All other and unallocable - Full Time Pay","003","Local","1219736148","1219736148.0","0.07"
"0100000US","null","United States","01","Annual Survey of Public Employment and Payroll","2017","EP1495","All other and unallocable - Part Time Employees","003","Local","68498","68498.0","0.00"
"0100000US","null","United States","01","Annual Survey of Public Employment and Payroll","2018","EP1495","All other and unallocable - Part Time Employees","003","Local","66631","66631.0","0.06"
"0100000US","null","United States","01","Annual Survey of Public Employment and Payroll","2017","EP1500","All other and unallocable - Part Time Pay","003","Local","75186547","75186547.0","0.00"
"0100000US","null","United States","01","Annual Survey of Public Employment and Payroll","2018","EP1500","All other and unallocable - Part Time Pay","003","Local","66268858","66268858.0","0.06"
"0100000US","null","United States","01","Annual Survey of Public Employment and Payroll","2017","EP1505","All other and unallocable - Part Time Hours","003","Local","4665619","4665619.0","0.00"
"0100000US","null","United States","01","Annual Survey of Public Employment and Payroll","2018","EP1505","All other and unallocable - Part Time Hours","003","Local","4063630","4063630.0","0.07"
"0100000US","null","United States","01","Annual Survey of Public Employment and Payroll","2017","EP1510","All other and unallocable - Full Time Equivalent","003","Local","269272","269272.0","0.00"
"0100000US","null","United States","01","Annual Survey of Public Employment and Payroll","2018","EP1510","All other and unallocable - Full Time Equivalent","003","Local","259760","259760.0","0.07"
"0100000US","null","United States","01","Annual Survey of Public Employment and Payroll","2017","EP1515","All other and unallocable - Total March Full-Time and Part-Time Employment","003","Local","312473","312473.0","0.00"
"0100000US","null","United States","01","Annual Survey of Public Employment and Payroll","2018","EP1515","All other and unallocable - Total March Full-Time and Part-Time Employment","003","Local","302857","302857.0","0.06"
"0100000US","null","United States","01","Annual Survey of Public Employment and Payroll","2017","EP1520","All other and unallocable - Total March Payroll","003","Local","1304298227","1304298227.0","0.00"
"0100000US","null","United States","01","Annual Survey of Public Employment and Payroll","2018","EP1520","All other and unallocable - Total March Payroll","003","Local","1286005006","1286005006.0","0.07"
