"GEO_ID","GEO_ID_F","NAME","SVY_COMP","SVY_COMP_LABEL","YEAR","AGG_DESC","AGG_DESC_LABEL","GOVTYPE","GOVTYPE_LABEL","AMOUNT","AMOUNT_FORMATTED"
"id","Geo Footnote","Geographic Area Name","Survey Component","Survey Component","Year","Aggregate Description","Meaning of Aggregate Description","Type of Government","Type of Government","Amount","Amount Formatted"
"0100000US","null","United States","07","Government Organization","1942","GO0009","Total Local Government Units - Special Purpose Governments - Special District Governments","001","State and Local ","8299.0","8,299"
"0100000US","null","United States","07","Government Organization","1952","GO0009","Total Local Government Units - Special Purpose Governments - Special District Governments","001","State and Local ","12340.0","12,340"
"0100000US","null","United States","07","Government Organization","1957","GO0009","Total Local Government Units - Special Purpose Governments - Special District Governments","001","State and Local ","14424.0","14,424"
"0100000US","null","United States","07","Government Organization","1962","GO0009","Total Local Government Units - Special Purpose Governments - Special District Governments","001","State and Local ","18323.0","18,323"
"0100000US","null","United States","07","Government Organization","1967","GO0009","Total Local Government Units - Special Purpose Governments - Special District Governments","001","State and Local ","21264.0","21,264"
"0100000US","null","United States","07","Government Organization","1972","GO0009","Total Local Government Units - Special Purpose Governments - Special District Governments","001","State and Local ","23885.0","23,885"
"0100000US","null","United States","07","Government Organization","1977","GO0009","Total Local Government Units - Special Purpose Governments - Special District Governments","001","State and Local ","25962.0","25,962"
"0100000US","null","United States","07","Government Organization","1982","GO0009","Total Local Government Units - Special Purpose Governments - Special District Governments","001","State and Local ","28078.0","28,078"
"0100000US","null","United States","07","Government Organization","1987","GO0009","Total Local Government Units - Special Purpose Governments - Special District Governments","001","State and Local ","29532.0","29,532"
"0100000US","null","United States","07","Government Organization","1992","GO0009","Total Local Government Units - Special Purpose Governments - Special District Governments","001","State and Local ","31555.0","31,555"
"0100000US","null","United States","07","Government Organization","1997","GO0009","Total Local Government Units - Special Purpose Governments - Special District Governments","001","State and Local ","34683.0","34,683"
"0100000US","null","United States","07","Government Organization","2002","GO0009","Total Local Government Units - Special Purpose Governments - Special District Governments","001","State and Local ","35052.0","35,052"
"0100000US","null","United States","07","Government Organization","2007","GO0009","Total Local Government Units - Special Purpose Governments - Special District Governments","001","State and Local ","37381.0","37,381"
"0100000US","null","United States","07","Government Organization","2012","GO0009","Total Local Government Units - Special Purpose Governments - Special District Governments","001","State and Local ","38266.0","38,266"
"0100000US","null","United States","07","Government Organization","2017","GO0009","Total Local Government Units - Special Purpose Governments - Special District Governments","001","State and Local ","38542.0","38,542"
"0100000US","null","United States","07","Government Organization","1942","GO0010","Total Local Government Units - Special Purpose Governments - Independent School District Governments","001","State and Local ","108579.0","108,579"
"0100000US","null","United States","07","Government Organization","1952","GO0010","Total Local Government Units - Special Purpose Governments - Independent School District Governments","001","State and Local ","67355.0","67,355"
"0100000US","null","United States","07","Government Organization","1957","GO0010","Total Local Government Units - Special Purpose Governments - Independent School District Governments","001","State and Local ","50454.0","50,454"
"0100000US","null","United States","07","Government Organization","1962","GO0010","Total Local Government Units - Special Purpose Governments - Independent School District Governments","001","State and Local ","34678.0","34,678"
"0100000US","null","United States","07","Government Organization","1967","GO0010","Total Local Government Units - Special Purpose Governments - Independent School District Governments","001","State and Local ","21782.0","21,782"
"0100000US","null","United States","07","Government Organization","1972","GO0010","Total Local Government Units - Special Purpose Governments - Independent School District Governments","001","State and Local ","15781.0","15,781"
"0100000US","null","United States","07","Government Organization","1977","GO0010","Total Local Government Units - Special Purpose Governments - Independent School District Governments","001","State and Local ","15174.0","15,174"
"0100000US","null","United States","07","Government Organization","1982","GO0010","Total Local Government Units - Special Purpose Governments - Independent School District Governments","001","State and Local ","14851.0","14,851"
"0100000US","null","United States","07","Government Organization","1987","GO0010","Total Local Government Units - Special Purpose Governments - Independent School District Governments","001","State and Local ","14721.0","14,721"
"0100000US","null","United States","07","Government Organization","1992","GO0010","Total Local Government Units - Special Purpose Governments - Independent School District Governments","001","State and Local ","14422.0","14,422"
"0100000US","null","United States","07","Government Organization","1997","GO0010","Total Local Government Units - Special Purpose Governments - Independent School District Governments","001","State and Local ","13726.0","13,726"
"0100000US","null","United States","07","Government Organization","2002","GO0010","Total Local Government Units - Special Purpose Governments - Independent School District Governments","001","State and Local ","13506.0","13,506"
"0100000US","null","United States","07","Government Organization","2007","GO0010","Total Local Government Units - Special Purpose Governments - Independent School District Governments","001","State and Local ","13051.0","13,051"
"0100000US","null","United States","07","Government Organization","2012","GO0010","Total Local Government Units - Special Purpose Governments - Independent School District Governments","001","State and Local ","12880.0","12,880"
"0100000US","null","United States","07","Government Organization","2017","GO0010","Total Local Government Units - Special Purpose Governments - Independent School District Governments","001","State and Local ","12754.0","12,754"
