"GEO_ID","GEO_ID_F","NAME","SVY_COMP","SVY_COMP_LABEL","YEAR","AGG_DESC","AGG_DESC_LABEL","GOVTYPE","GOVTYPE_LABEL","AMOUNT","AMOUNT_FORMATTED"
"id","Geo Footnote","Geographic Area Name","Survey Component","Survey Component","Year","Aggregate Description","Meaning of Aggregate Description","Type of Government","Type of Government","Amount","Amount Formatted"
"0100000US","null","United States","07","Government Organization","1942","GO0005","Total Local Government Units - County Governments","001","State and Local ","3050.0","3,050"
"0100000US","null","United States","07","Government Organization","1952","GO0005","Total Local Government Units - County Governments","001","State and Local ","3052.0","3,052"
"0100000US","null","United States","07","Government Organization","1957","GO0005","Total Local Government Units - County Governments","001","State and Local ","3050.0","3,050"
"0100000US","null","United States","07","Government Organization","1962","GO0005","Total Local Government Units - County Governments","001","State and Local ","3043.0","3,043"
"0100000US","null","United States","07","Government Organization","1967","GO0005","Total Local Government Units - County Governments","001","State and Local ","3049.0","3,049"
"0100000US","null","United States","07","Government Organization","1972","GO0005","Total Local Government Units - County Governments","001","State and Local ","3044.0","3,044"
"0100000US","null","United States","07","Government Organization","1977","GO0005","Total Local Government Units - County Governments","001","State and Local ","3042.0","3,042"
"0100000US","null","United States","07","Government Organization","1982","GO0005","Total Local Government Units - County Governments","001","State and Local ","3041.0","3,041"
"0100000US","null","United States","07","Government Organization","1987","GO0005","Total Local Government Units - County Governments","001","State and Local ","3042.0","3,042"
"0100000US","null","United States","07","Government Organization","1992","GO0005","Total Local Government Units - County Governments","001","State and Local ","3043.0","3,043"
"0100000US","null","United States","07","Government Organization","1997","GO0005","Total Local Government Units - County Governments","001","State and Local ","3043.0","3,043"
"0100000US","null","United States","07","Government Organization","2002","GO0005","Total Local Government Units - County Governments","001","State and Local ","3034.0","3,034"
"0100000US","null","United States","07","Government Organization","2007","GO0005","Total Local Government Units - County Governments","001","State and Local ","3033.0","3,033"
"0100000US","null","United States","07","Government Organization","2012","GO0005","Total Local Government Units - County Governments","001","State and Local ","3031.0","3,031"
"0100000US","null","United States","07","Government Organization","2017","GO0005","Total Local Government Units - County Governments","001","State and Local ","3031.0","3,031"
"0100000US","null","United States","07","Government Organization","1942","GO0006","Total Local Government Units - Subcounty Governments","001","State and Local ","35139.0","35,139"
"0100000US","null","United States","07","Government Organization","1952","GO0006","Total Local Government Units - Subcounty Governments","001","State and Local ","34009.0","34,009"
"0100000US","null","United States","07","Government Organization","1957","GO0006","Total Local Government Units - Subcounty Governments","001","State and Local ","34413.0","34,413"
"0100000US","null","United States","07","Government Organization","1962","GO0006","Total Local Government Units - Subcounty Governments","001","State and Local ","35141.0","35,141"
"0100000US","null","United States","07","Government Organization","1967","GO0006","Total Local Government Units - Subcounty Governments","001","State and Local ","35153.0","35,153"
"0100000US","null","United States","07","Government Organization","1972","GO0006","Total Local Government Units - Subcounty Governments","001","State and Local ","35508.0","35,508"
"0100000US","null","United States","07","Government Organization","1977","GO0006","Total Local Government Units - Subcounty Governments","001","State and Local ","35684.0","35,684"
"0100000US","null","United States","07","Government Organization","1982","GO0006","Total Local Government Units - Subcounty Governments","001","State and Local ","35810.0","35,810"
"0100000US","null","United States","07","Government Organization","1987","GO0006","Total Local Government Units - Subcounty Governments","001","State and Local ","35891.0","35,891"
"0100000US","null","United States","07","Government Organization","1992","GO0006","Total Local Government Units - Subcounty Governments","001","State and Local ","35935.0","35,935"
"0100000US","null","United States","07","Government Organization","1997","GO0006","Total Local Government Units - Subcounty Governments","001","State and Local ","36001.0","36,001"
"0100000US","null","United States","07","Government Organization","2002","GO0006","Total Local Government Units - Subcounty Governments","001","State and Local ","35933.0","35,933"
"0100000US","null","United States","07","Government Organization","2007","GO0006","Total Local Government Units - Subcounty Governments","001","State and Local ","36011.0","36,011"
"0100000US","null","United States","07","Government Organization","2012","GO0006","Total Local Government Units - Subcounty Governments","001","State and Local ","35879.0","35,879"
"0100000US","null","United States","07","Government Organization","2017","GO0006","Total Local Government Units - Subcounty Governments","001","State and Local ","35748.0","35,748"
"0100000US","null","United States","07","Government Organization","1942","GO0007","Total Local Government Units - Subcounty Governments - Municipal Governments","001","State and Local ","16220.0","16,220"
"0100000US","null","United States","07","Government Organization","1952","GO0007","Total Local Government Units - Subcounty Governments - Municipal Governments","001","State and Local ","16807.0","16,807"
"0100000US","null","United States","07","Government Organization","1957","GO0007","Total Local Government Units - Subcounty Governments - Municipal Governments","001","State and Local ","17215.0","17,215"
"0100000US","null","United States","07","Government Organization","1962","GO0007","Total Local Government Units - Subcounty Governments - Municipal Governments","001","State and Local ","17997.0","17,997"
"0100000US","null","United States","07","Government Organization","1967","GO0007","Total Local Government Units - Subcounty Governments - Municipal Governments","001","State and Local ","18048.0","18,048"
"0100000US","null","United States","07","Government Organization","1972","GO0007","Total Local Government Units - Subcounty Governments - Municipal Governments","001","State and Local ","18517.0","18,517"
"0100000US","null","United States","07","Government Organization","1977","GO0007","Total Local Government Units - Subcounty Governments - Municipal Governments","001","State and Local ","18862.0","18,862"
"0100000US","null","United States","07","Government Organization","1982","GO0007","Total Local Government Units - Subcounty Governments - Municipal Governments","001","State and Local ","19076.0","19,076"
"0100000US","null","United States","07","Government Organization","1987","GO0007","Total Local Government Units - Subcounty Governments - Municipal Governments","001","State and Local ","19200.0","19,200"
"0100000US","null","United States","07","Government Organization","1992","GO0007","Total Local Government Units - Subcounty Governments - Municipal Governments","001","State and Local ","19279.0","19,279"
"0100000US","null","United States","07","Government Organization","1997","GO0007","Total Local Government Units - Subcounty Governments - Municipal Governments","001","State and Local ","19372.0","19,372"
"0100000US","null","United States","07","Government Organization","2002","GO0007","Total Local Government Units - Subcounty Governments - Municipal Governments","001","State and Local ","19429.0","19,429"
"0100000US","null","United States","07","Government Organization","2007","GO0007","Total Local Government Units - Subcounty Governments - Municipal Governments","001","State and Local ","19492.0","19,492"
"0100000US","null","United States","07","Government Organization","2012","GO0007","Total Local Government Units - Subcounty Governments - Municipal Governments","001","State and Local ","19519.0","19,519"
"0100000US","null","United States","07","Government Organization","2017","GO0007","Total Local Government Units - Subcounty Governments - Municipal Governments","001","State and Local ","19495.0","19,495"
"0100000US","null","United States","07","Government Organization","1942","GO0008","Total Local Government Units - Subcounty Governments - Township Governments","001","State and Local ","18919.0","18,919"
"0100000US","null","United States","07","Government Organization","1952","GO0008","Total Local Government Units - Subcounty Governments - Township Governments","001","State and Local ","17202.0","17,202"
"0100000US","null","United States","07","Government Organization","1957","GO0008","Total Local Government Units - Subcounty Governments - Township Governments","001","State and Local ","17198.0","17,198"
"0100000US","null","United States","07","Government Organization","1962","GO0008","Total Local Government Units - Subcounty Governments - Township Governments","001","State and Local ","17144.0","17,144"
"0100000US","null","United States","07","Government Organization","1967","GO0008","Total Local Government Units - Subcounty Governments - Township Governments","001","State and Local ","17105.0","17,105"
"0100000US","null","United States","07","Government Organization","1972","GO0008","Total Local Government Units - Subcounty Governments - Township Governments","001","State and Local ","16991.0","16,991"
"0100000US","null","United States","07","Government Organization","1977","GO0008","Total Local Government Units - Subcounty Governments - Township Governments","001","State and Local ","16822.0","16,822"
"0100000US","null","United States","07","Government Organization","1982","GO0008","Total Local Government Units - Subcounty Governments - Township Governments","001","State and Local ","16734.0","16,734"
"0100000US","null","United States","07","Government Organization","1987","GO0008","Total Local Government Units - Subcounty Governments - Township Governments","001","State and Local ","16691.0","16,691"
"0100000US","null","United States","07","Government Organization","1992","GO0008","Total Local Government Units - Subcounty Governments - Township Governments","001","State and Local ","16656.0","16,656"
"0100000US","null","United States","07","Government Organization","1997","GO0008","Total Local Government Units - Subcounty Governments - Township Governments","001","State and Local ","16629.0","16,629"
"0100000US","null","United States","07","Government Organization","2002","GO0008","Total Local Government Units - Subcounty Governments - Township Governments","001","State and Local ","16504.0","16,504"
"0100000US","null","United States","07","Government Organization","2007","GO0008","Total Local Government Units - Subcounty Governments - Township Governments","001","State and Local ","16519.0","16,519"
"0100000US","null","United States","07","Government Organization","2012","GO0008","Total Local Government Units - Subcounty Governments - Township Governments","001","State and Local ","16360.0","16,360"
"0100000US","null","United States","07","Government Organization","2017","GO0008","Total Local Government Units - Subcounty Governments - Township Governments","001","State and Local ","16253.0","16,253"
