"GEO_ID","GEO_ID_F","NAME","SVY_COMP","SVY_COMP_LABEL","YEAR","AGG_DESC","AGG_DESC_LABEL","GOVTYPE","GOVTYPE_LABEL","AMOUNT_FORMATTED","AMOUNT"
"id","Geo Footnote","Geographic Area Name","Survey Component","Survey Component","Year","Aggregate Description","Meaning of Aggregate Description","Type of Government","Type of Government","Amount Formatted","Amount"
"0100000US","null","United States","01","Annual Survey of Public Employment and Payroll","2017","EP0005","Total - All Government Employment Functions - Full Time Employees","002","State","3803401","3803401.0"
"0100000US","null","United States","01","Annual Survey of Public Employment and Payroll","2018","EP0005","Total - All Government Employment Functions - Full Time Employees","002","State","3801951","3801951.0"
"0100000US","null","United States","01","Annual Survey of Public Employment and Payroll","2017","EP0010","Total - All Government Employment Functions - Full Time Pay","002","State","20638989534","20638989533.8"
"0100000US","null","United States","01","Annual Survey of Public Employment and Payroll","2018","EP0010","Total - All Government Employment Functions - Full Time Pay","002","State","21264085302","21264085302.0"
"0100000US","null","United States","01","Annual Survey of Public Employment and Payroll","2017","EP0015","Total - All Government Employment Functions - Part Time Employees","002","State","1614239","1614239.0"
"0100000US","null","United States","01","Annual Survey of Public Employment and Payroll","2018","EP0015","Total - All Government Employment Functions - Part Time Employees","002","State","1606338","1606338.0"
"0100000US","null","United States","01","Annual Survey of Public Employment and Payroll","2017","EP0020","Total - All Government Employment Functions - Part Time Pay","002","State","2384846704","2384846703.6"
"0100000US","null","United States","01","Annual Survey of Public Employment and Payroll","2018","EP0020","Total - All Government Employment Functions - Part Time Pay","002","State","2436974337","2436974337.0"
"0100000US","null","United States","01","Annual Survey of Public Employment and Payroll","2017","EP0025","Total - All Government Employment Functions - Part Time Hours","002","State","104692111","104692110.5"
"0100000US","null","United States","01","Annual Survey of Public Employment and Payroll","2018","EP0025","Total - All Government Employment Functions - Part Time Hours","002","State","102320675","102320675.0"
"0100000US","null","United States","01","Annual Survey of Public Employment and Payroll","2017","EP0030","Total - All Government Employment Functions - Full Time Equivalent","002","State","4399978","4399978.0"
"0100000US","null","United States","01","Annual Survey of Public Employment and Payroll","2018","EP0030","Total - All Government Employment Functions - Full Time Equivalent","002","State","4386219","4386219.0"
"0100000US","null","United States","01","Annual Survey of Public Employment and Payroll","2017","EP0035","Total - All Government Employment Functions - Total March Full-Time and Part-Time Employment","002","State","5417640","5417640.0"
"0100000US","null","United States","01","Annual Survey of Public Employment and Payroll","2018","EP0035","Total - All Government Employment Functions - Total March Full-Time and Part-Time Employment","002","State","5408289","5408289.0"
"0100000US","null","United States","01","Annual Survey of Public Employment and Payroll","2017","EP0040","Total - All Government Employment Functions - Total March Payroll","002","State","23023836237","23023836237.4"
"0100000US","null","United States","01","Annual Survey of Public Employment and Payroll","2018","EP0040","Total - All Government Employment Functions - Total March Payroll","002","State","23701059639","23701059639.0"
"0100000US","null","United States","01","Annual Survey of Public Employment and Payroll","2017","EP0045","Financial Administration - Full Time Employees","002","State","164716","164716.0"
"0100000US","null","United States","01","Annual Survey of Public Employment and Payroll","2018","EP0045","Financial Administration - Full Time Employees","002","State","165977","165977.0"
"0100000US","null","United States","01","Annual Survey of Public Employment and Payroll","2017","EP0050","Financial Administration - Full Time Pay","002","State","845375506","845375506.3"
"0100000US","null","United States","01","Annual Survey of Public Employment and Payroll","2018","EP0050","Financial Administration - Full Time Pay","002","State","875526173","875526173.0"
"0100000US","null","United States","01","Annual Survey of Public Employment and Payroll","2017","EP0055","Financial Administration - Part Time Employees","002","State","9771","9771.0"
"0100000US","null","United States","01","Annual Survey of Public Employment and Payroll","2018","EP0055","Financial Administration - Part Time Employees","002","State","8771","8771.0"
"0100000US","null","United States","01","Annual Survey of Public Employment and Payroll","2017","EP0060","Financial Administration - Part Time Pay","002","State","21316534","21316533.6"
"0100000US","null","United States","01","Annual Survey of Public Employment and Payroll","2018","EP0060","Financial Administration - Part Time Pay","002","State","19844264","19844264.0"
"0100000US","null","United States","01","Annual Survey of Public Employment and Payroll","2017","EP0065","Financial Administration - Part Time Hours","002","State","1000222","1000221.7"
"0100000US","null","United States","01","Annual Survey of Public Employment and Payroll","2018","EP0065","Financial Administration - Part Time Hours","002","State","922919","922919.0"
"0100000US","null","United States","01","Annual Survey of Public Employment and Payroll","2017","EP0070","Financial Administration - Full Time Equivalent","002","State","170424","170424.0"
"0100000US","null","United States","01","Annual Survey of Public Employment and Payroll","2018","EP0070","Financial Administration - Full Time Equivalent","002","State","171266","171266.0"
"0100000US","null","United States","01","Annual Survey of Public Employment and Payroll","2017","EP0075","Financial Administration - Total March Full-Time and Part-Time Employment","002","State","174487","174487.0"
"0100000US","null","United States","01","Annual Survey of Public Employment and Payroll","2018","EP0075","Financial Administration - Total March Full-Time and Part-Time Employment","002","State","174748","174748.0"
"0100000US","null","United States","01","Annual Survey of Public Employment and Payroll","2017","EP0080","Financial Administration - Total March Payroll","002","State","866692040","866692039.9"
"0100000US","null","United States","01","Annual Survey of Public Employment and Payroll","2018","EP0080","Financial Administration - Total March Payroll","002","State","895370437","895370437.0"
"0100000US","null","United States","01","Annual Survey of Public Employment and Payroll","2017","EP0085","Other Government Administration - Full Time Employees","002","State","46462","46462.0"
"0100000US","null","United States","01","Annual Survey of Public Employment and Payroll","2018","EP0085","Other Government Administration - Full Time Employees","002","State","45920","45920.0"
"0100000US","null","United States","01","Annual Survey of Public Employment and Payroll","2017","EP0090","Other Government Administration - Full Time Pay","002","State","235836870","235836869.6"
"0100000US","null","United States","01","Annual Survey of Public Employment and Payroll","2018","EP0090","Other Government Administration - Full Time Pay","002","State","240032055","240032055.0"
"0100000US","null","United States","01","Annual Survey of Public Employment and Payroll","2017","EP0095","Other Government Administration - Part Time Employees","002","State","10277","10277.0"
"0100000US","null","United States","01","Annual Survey of Public Employment and Payroll","2018","EP0095","Other Government Administration - Part Time Employees","002","State","9525","9525.0"
"0100000US","null","United States","01","Annual Survey of Public Employment and Payroll","2017","EP0100","Other Government Administration - Part Time Pay","002","State","24145514","24145513.5"
"0100000US","null","United States","01","Annual Survey of Public Employment and Payroll","2018","EP0100","Other Government Administration - Part Time Pay","002","State","21139018","21139018.0"
"0100000US","null","United States","01","Annual Survey of Public Employment and Payroll","2017","EP0105","Other Government Administration - Part Time Hours","002","State","938895","938895.5"
"0100000US","null","United States","01","Annual Survey of Public Employment and Payroll","2018","EP0105","Other Government Administration - Part Time Hours","002","State","828057","828057.0"
"0100000US","null","United States","01","Annual Survey of Public Employment and Payroll","2017","EP0110","Other Government Administration - Full Time Equivalent","002","State","51838","51838.0"
"0100000US","null","United States","01","Annual Survey of Public Employment and Payroll","2018","EP0110","Other Government Administration - Full Time Equivalent","002","State","50486","50486.0"
"0100000US","null","United States","01","Annual Survey of Public Employment and Payroll","2017","EP0115","Other Government Administration - Total March Full-Time and Part-Time Employment","002","State","56739","56739.0"
"0100000US","null","United States","01","Annual Survey of Public Employment and Payroll","2018","EP0115","Other Government Administration - Total March Full-Time and Part-Time Employment","002","State","55445","55445.0"
"0100000US","null","United States","01","Annual Survey of Public Employment and Payroll","2017","EP0120","Other Government Administration - Total March Payroll","002","State","259982383","259982383.1"
"0100000US","null","United States","01","Annual Survey of Public Employment and Payroll","2018","EP0120","Other Government Administration - Total March Payroll","002","State","261171073","261171073.0"
"0100000US","null","United States","01","Annual Survey of Public Employment and Payroll","2017","EP0125","Judicial and Legal - Full Time Employees","002","State","171186","171186.0"
"0100000US","null","United States","01","Annual Survey of Public Employment and Payroll","2018","EP0125","Judicial and Legal - Full Time Employees","002","State","172687","172687.0"
"0100000US","null","United States","01","Annual Survey of Public Employment and Payroll","2017","EP0130","Judicial and Legal - Full Time Pay","002","State","1001978136","1001978136.1"
"0100000US","null","United States","01","Annual Survey of Public Employment and Payroll","2018","EP0130","Judicial and Legal - Full Time Pay","002","State","1029983732","1029983732.0"
"0100000US","null","United States","01","Annual Survey of Public Employment and Payroll","2017","EP0135","Judicial and Legal - Part Time Employees","002","State","8903","8903.0"
"0100000US","null","United States","01","Annual Survey of Public Employment and Payroll","2018","EP0135","Judicial and Legal - Part Time Employees","002","State","8796","8796.0"
"0100000US","null","United States","01","Annual Survey of Public Employment and Payroll","2017","EP0140","Judicial and Legal - Part Time Pay","002","State","21217699","21217699.0"
"0100000US","null","United States","01","Annual Survey of Public Employment and Payroll","2018","EP0140","Judicial and Legal - Part Time Pay","002","State","22533420","22533420.0"
"0100000US","null","United States","01","Annual Survey of Public Employment and Payroll","2017","EP0145","Judicial and Legal - Part Time Hours","002","State","791919","791919.4"
"0100000US","null","United States","01","Annual Survey of Public Employment and Payroll","2018","EP0145","Judicial and Legal - Part Time Hours","002","State","721345","721345.0"
"0100000US","null","United States","01","Annual Survey of Public Employment and Payroll","2017","EP0150","Judicial and Legal - Full Time Equivalent","002","State","175701","175701.0"
"0100000US","null","United States","01","Annual Survey of Public Employment and Payroll","2018","EP0150","Judicial and Legal - Full Time Equivalent","002","State","176811","176811.0"
"0100000US","null","United States","01","Annual Survey of Public Employment and Payroll","2017","EP0155","Judicial and Legal - Total March Full-Time and Part-Time Employment","002","State","180089","180089.0"
"0100000US","null","United States","01","Annual Survey of Public Employment and Payroll","2018","EP0155","Judicial and Legal - Total March Full-Time and Part-Time Employment","002","State","181483","181483.0"
"0100000US","null","United States","01","Annual Survey of Public Employment and Payroll","2017","EP0160","Judicial and Legal - Total March Payroll","002","State","1023195835","1023195835.0"
"0100000US","null","United States","01","Annual Survey of Public Employment and Payroll","2018","EP0160","Judicial and Legal - Total March Payroll","002","State","1052517152","1052517152.0"
"0100000US","null","United States","01","Annual Survey of Public Employment and Payroll","2017","EP0205","Police Protection - Persons with Power of Arrest - Full Time Employees","002","State","65186","65186.0"
"0100000US","null","United States","01","Annual Survey of Public Employment and Payroll","2018","EP0205","Police Protection - Persons with Power of Arrest - Full Time Employees","002","State","67991","67991.0"
"0100000US","null","United States","01","Annual Survey of Public Employment and Payroll","2017","EP0210","Police Protection - Persons with Power of Arrest - Full Time Pay","002","State","478568246","478568245.5"
"0100000US","null","United States","01","Annual Survey of Public Employment and Payroll","2018","EP0210","Police Protection - Persons with Power of Arrest - Full Time Pay","002","State","500811462","500811462.0"
"0100000US","null","United States","01","Annual Survey of Public Employment and Payroll","2017","EP0215","Police Protection - Persons with Power of Arrest - Part Time Employees","002","State","606","606.0"
"0100000US","null","United States","01","Annual Survey of Public Employment and Payroll","2018","EP0215","Police Protection - Persons with Power of Arrest - Part Time Employees","002","State","569","569.0"
"0100000US","null","United States","01","Annual Survey of Public Employment and Payroll","2017","EP0220","Police Protection - Persons with Power of Arrest - Part Time Pay","002","State","757785","757785.4"
"0100000US","null","United States","01","Annual Survey of Public Employment and Payroll","2018","EP0220","Police Protection - Persons with Power of Arrest - Part Time Pay","002","State","851651","851651.0"
"0100000US","null","United States","01","Annual Survey of Public Employment and Payroll","2017","EP0225","Police Protection - Persons with Power of Arrest - Part Time Hours","002","State","24583","24583.3"
"0100000US","null","United States","01","Annual Survey of Public Employment and Payroll","2018","EP0225","Police Protection - Persons with Power of Arrest - Part Time Hours","002","State","30404","30404.0"
"0100000US","null","United States","01","Annual Survey of Public Employment and Payroll","2017","EP0230","Police Protection - Persons with Power of Arrest - Full Time Equivalent","002","State","65326","65326.0"
"0100000US","null","United States","01","Annual Survey of Public Employment and Payroll","2018","EP0230","Police Protection - Persons with Power of Arrest - Full Time Equivalent","002","State","68164","68164.0"
"0100000US","null","United States","01","Annual Survey of Public Employment and Payroll","2017","EP0235","Police Protection - Persons with Power of Arrest - Total March Full-Time and Part-Time Employment","002","State","65792","65792.0"
"0100000US","null","United States","01","Annual Survey of Public Employment and Payroll","2018","EP0235","Police Protection - Persons with Power of Arrest - Total March Full-Time and Part-Time Employment","002","State","68560","68560.0"
"0100000US","null","United States","01","Annual Survey of Public Employment and Payroll","2017","EP0240","Police Protection - Persons with Power of Arrest - Total March Payroll","002","State","479326031","479326030.9"
"0100000US","null","United States","01","Annual Survey of Public Employment and Payroll","2018","EP0240","Police Protection - Persons with Power of Arrest - Total March Payroll","002","State","501663113","501663113.0"
"0100000US","null","United States","01","Annual Survey of Public Employment and Payroll","2017","EP0245","Police Protection - Other - Full Time Employees","002","State","36506","36506.0"
"0100000US","null","United States","01","Annual Survey of Public Employment and Payroll","2018","EP0245","Police Protection - Other - Full Time Employees","002","State","36521","36521.0"
"0100000US","null","United States","01","Annual Survey of Public Employment and Payroll","2017","EP0250","Police Protection - Other - Full Time Pay","002","State","168149576","168149576.0"
"0100000US","null","United States","01","Annual Survey of Public Employment and Payroll","2018","EP0250","Police Protection - Other - Full Time Pay","002","State","172894342","172894342.0"
"0100000US","null","United States","01","Annual Survey of Public Employment and Payroll","2017","EP0255","Police Protection - Other - Part Time Employees","002","State","2229","2229.0"
"0100000US","null","United States","01","Annual Survey of Public Employment and Payroll","2018","EP0255","Police Protection - Other - Part Time Employees","002","State","2219","2219.0"
"0100000US","null","United States","01","Annual Survey of Public Employment and Payroll","2017","EP0260","Police Protection - Other - Part Time Pay","002","State","3708546","3708546.2"
"0100000US","null","United States","01","Annual Survey of Public Employment and Payroll","2018","EP0260","Police Protection - Other - Part Time Pay","002","State","3742250","3742250.0"
"0100000US","null","United States","01","Annual Survey of Public Employment and Payroll","2017","EP0265","Police Protection - Other - Part Time Hours","002","State","164963","164963.3"
"0100000US","null","United States","01","Annual Survey of Public Employment and Payroll","2018","EP0265","Police Protection - Other - Part Time Hours","002","State","162530","162530.0"
"0100000US","null","United States","01","Annual Survey of Public Employment and Payroll","2017","EP0270","Police Protection - Other - Full Time Equivalent","002","State","37449","37449.0"
"0100000US","null","United States","01","Annual Survey of Public Employment and Payroll","2018","EP0270","Police Protection - Other - Full Time Equivalent","002","State","37460","37460.0"
"0100000US","null","United States","01","Annual Survey of Public Employment and Payroll","2017","EP0275","Police Protection - Other - Total March Full-Time and Part-Time Employment","002","State","38735","38735.0"
"0100000US","null","United States","01","Annual Survey of Public Employment and Payroll","2018","EP0275","Police Protection - Other - Total March Full-Time and Part-Time Employment","002","State","38740","38740.0"
"0100000US","null","United States","01","Annual Survey of Public Employment and Payroll","2017","EP0280","Police Protection - Other - Total March Payroll","002","State","171858122","171858122.2"
"0100000US","null","United States","01","Annual Survey of Public Employment and Payroll","2018","EP0280","Police Protection - Other - Total March Payroll","002","State","176636592","176636592.0"
"0100000US","null","United States","01","Annual Survey of Public Employment and Payroll","2017","EP0405","Corrections - Full Time Employees","002","State","438662","438662.0"
"0100000US","null","United States","01","Annual Survey of Public Employment and Payroll","2018","EP0405","Corrections - Full Time Employees","002","State","432789","432789.0"
"0100000US","null","United States","01","Annual Survey of Public Employment and Payroll","2017","EP0410","Corrections - Full Time Pay","002","State","2058548354","2058548354.1"
"0100000US","null","United States","01","Annual Survey of Public Employment and Payroll","2018","EP0410","Corrections - Full Time Pay","002","State","2097032018","2097032018.0"
"0100000US","null","United States","01","Annual Survey of Public Employment and Payroll","2017","EP0415","Corrections - Part Time Employees","002","State","9131","9131.0"
"0100000US","null","United States","01","Annual Survey of Public Employment and Payroll","2018","EP0415","Corrections - Part Time Employees","002","State","8682","8682.0"
"0100000US","null","United States","01","Annual Survey of Public Employment and Payroll","2017","EP0420","Corrections - Part Time Pay","002","State","24701976","24701976.4"
"0100000US","null","United States","01","Annual Survey of Public Employment and Payroll","2018","EP0420","Corrections - Part Time Pay","002","State","24739501","24739501.0"
"0100000US","null","United States","01","Annual Survey of Public Employment and Payroll","2017","EP0425","Corrections - Part Time Hours","002","State","950258","950257.7"
"0100000US","null","United States","01","Annual Survey of Public Employment and Payroll","2018","EP0425","Corrections - Part Time Hours","002","State","916666","916666.0"
"0100000US","null","United States","01","Annual Survey of Public Employment and Payroll","2017","EP0430","Corrections - Full Time Equivalent","002","State","444058","444058.0"
"0100000US","null","United States","01","Annual Survey of Public Employment and Payroll","2018","EP0430","Corrections - Full Time Equivalent","002","State","437958","437958.0"
"0100000US","null","United States","01","Annual Survey of Public Employment and Payroll","2017","EP0435","Corrections - Total March Full-Time and Part-Time Employment","002","State","447793","447793.0"
"0100000US","null","United States","01","Annual Survey of Public Employment and Payroll","2018","EP0435","Corrections - Total March Full-Time and Part-Time Employment","002","State","441471","441471.0"
"0100000US","null","United States","01","Annual Survey of Public Employment and Payroll","2017","EP0440","Corrections - Total March Payroll","002","State","2083250330","2083250330.5"
"0100000US","null","United States","01","Annual Survey of Public Employment and Payroll","2018","EP0440","Corrections - Total March Payroll","002","State","2121771519","2121771519.0"
"0100000US","null","United States","01","Annual Survey of Public Employment and Payroll","2017","EP0445","Highways - Full Time Employees","002","State","202595","202595.0"
"0100000US","null","United States","01","Annual Survey of Public Employment and Payroll","2018","EP0445","Highways - Full Time Employees","002","State","203706","203706.0"
"0100000US","null","United States","01","Annual Survey of Public Employment and Payroll","2017","EP0450","Highways - Full Time Pay","002","State","1018207967","1018207966.9"
"0100000US","null","United States","01","Annual Survey of Public Employment and Payroll","2018","EP0450","Highways - Full Time Pay","002","State","1062550802","1062550802.0"
"0100000US","null","United States","01","Annual Survey of Public Employment and Payroll","2017","EP0455","Highways - Part Time Employees","002","State","11670","11670.0"
"0100000US","null","United States","01","Annual Survey of Public Employment and Payroll","2018","EP0455","Highways - Part Time Employees","002","State","11558","11558.0"
"0100000US","null","United States","01","Annual Survey of Public Employment and Payroll","2017","EP0460","Highways - Part Time Pay","002","State","28848271","28848271.1"
"0100000US","null","United States","01","Annual Survey of Public Employment and Payroll","2018","EP0460","Highways - Part Time Pay","002","State","31467185","31467185.0"
"0100000US","null","United States","01","Annual Survey of Public Employment and Payroll","2017","EP0465","Highways - Part Time Hours","002","State","1101491","1101491.0"
"0100000US","null","United States","01","Annual Survey of Public Employment and Payroll","2018","EP0465","Highways - Part Time Hours","002","State","1098735","1098735.0"
"0100000US","null","United States","01","Annual Survey of Public Employment and Payroll","2017","EP0470","Highways - Full Time Equivalent","002","State","208894","208894.0"
"0100000US","null","United States","01","Annual Survey of Public Employment and Payroll","2018","EP0470","Highways - Full Time Equivalent","002","State","209972","209972.0"
"0100000US","null","United States","01","Annual Survey of Public Employment and Payroll","2017","EP0475","Highways - Total March Full-Time and Part-Time Employment","002","State","214265","214265.0"
"0100000US","null","United States","01","Annual Survey of Public Employment and Payroll","2018","EP0475","Highways - Total March Full-Time and Part-Time Employment","002","State","215264","215264.0"
"0100000US","null","United States","01","Annual Survey of Public Employment and Payroll","2017","EP0480","Highways - Total March Payroll","002","State","1047056238","1047056238.0"
"0100000US","null","United States","01","Annual Survey of Public Employment and Payroll","2018","EP0480","Highways - Total March Payroll","002","State","1094017987","1094017987.0"
"0100000US","null","United States","01","Annual Survey of Public Employment and Payroll","2017","EP0485","Air Transportation - Full Time Employees","002","State","3179","3179.0"
"0100000US","null","United States","01","Annual Survey of Public Employment and Payroll","2018","EP0485","Air Transportation - Full Time Employees","002","State","3080","3080.0"
"0100000US","null","United States","01","Annual Survey of Public Employment and Payroll","2017","EP0490","Air Transportation - Full Time Pay","002","State","19482633","19482633.4"
"0100000US","null","United States","01","Annual Survey of Public Employment and Payroll","2018","EP0490","Air Transportation - Full Time Pay","002","State","19540711","19540711.0"
"0100000US","null","United States","01","Annual Survey of Public Employment and Payroll","2017","EP0495","Air Transportation - Part Time Employees","002","State","71","71.0"
"0100000US","null","United States","01","Annual Survey of Public Employment and Payroll","2018","EP0495","Air Transportation - Part Time Employees","002","State","46","46.0"
"0100000US","null","United States","01","Annual Survey of Public Employment and Payroll","2017","EP0500","Air Transportation - Part Time Pay","002","State","141112","141111.8"
"0100000US","null","United States","01","Annual Survey of Public Employment and Payroll","2018","EP0500","Air Transportation - Part Time Pay","002","State","76046","76046.0"
"0100000US","null","United States","01","Annual Survey of Public Employment and Payroll","2017","EP0505","Air Transportation - Part Time Hours","002","State","4921","4921.2"
"0100000US","null","United States","01","Annual Survey of Public Employment and Payroll","2018","EP0505","Air Transportation - Part Time Hours","002","State","3441","3441.0"
"0100000US","null","United States","01","Annual Survey of Public Employment and Payroll","2017","EP0510","Air Transportation - Full Time Equivalent","002","State","3208","3208.0"
"0100000US","null","United States","01","Annual Survey of Public Employment and Payroll","2018","EP0510","Air Transportation - Full Time Equivalent","002","State","3099","3099.0"
"0100000US","null","United States","01","Annual Survey of Public Employment and Payroll","2017","EP0515","Air Transportation - Total March Full-Time and Part-Time Employment","002","State","3250","3250.0"
"0100000US","null","United States","01","Annual Survey of Public Employment and Payroll","2018","EP0515","Air Transportation - Total March Full-Time and Part-Time Employment","002","State","3126","3126.0"
"0100000US","null","United States","01","Annual Survey of Public Employment and Payroll","2017","EP0520","Air Transportation - Total March Payroll","002","State","19623745","19623745.3"
"0100000US","null","United States","01","Annual Survey of Public Employment and Payroll","2018","EP0520","Air Transportation - Total March Payroll","002","State","19616757","19616757.0"
"0100000US","null","United States","01","Annual Survey of Public Employment and Payroll","2017","EP0525","Water Transport and Terminals - Full Time Employees","002","State","4477","4477.0"
"0100000US","null","United States","01","Annual Survey of Public Employment and Payroll","2018","EP0525","Water Transport and Terminals - Full Time Employees","002","State","4659","4659.0"
"0100000US","null","United States","01","Annual Survey of Public Employment and Payroll","2017","EP0530","Water Transport and Terminals - Full Time Pay","002","State","28425245","28425245.2"
"0100000US","null","United States","01","Annual Survey of Public Employment and Payroll","2018","EP0530","Water Transport and Terminals - Full Time Pay","002","State","31132166","31132166.0"
"0100000US","null","United States","01","Annual Survey of Public Employment and Payroll","2017","EP0535","Water Transport and Terminals - Part Time Employees","002","State","75","75.0"
"0100000US","null","United States","01","Annual Survey of Public Employment and Payroll","2018","EP0535","Water Transport and Terminals - Part Time Employees","002","State","73","73.0"
"0100000US","null","United States","01","Annual Survey of Public Employment and Payroll","2017","EP0540","Water Transport and Terminals - Part Time Pay","002","State","113690","113689.9"
"0100000US","null","United States","01","Annual Survey of Public Employment and Payroll","2018","EP0540","Water Transport and Terminals - Part Time Pay","002","State","131736","131736.0"
"0100000US","null","United States","01","Annual Survey of Public Employment and Payroll","2017","EP0545","Water Transport and Terminals - Part Time Hours","002","State","6525","6524.7"
"0100000US","null","United States","01","Annual Survey of Public Employment and Payroll","2018","EP0545","Water Transport and Terminals - Part Time Hours","002","State","7547","7547.0"
"0100000US","null","United States","01","Annual Survey of Public Employment and Payroll","2017","EP0550","Water Transport and Terminals - Full Time Equivalent","002","State","4514","4514.0"
"0100000US","null","United States","01","Annual Survey of Public Employment and Payroll","2018","EP0550","Water Transport and Terminals - Full Time Equivalent","002","State","4703","4703.0"
"0100000US","null","United States","01","Annual Survey of Public Employment and Payroll","2017","EP0555","Water Transport and Terminals - Total March Full-Time and Part-Time Employment","002","State","4552","4552.0"
"0100000US","null","United States","01","Annual Survey of Public Employment and Payroll","2018","EP0555","Water Transport and Terminals - Total March Full-Time and Part-Time Employment","002","State","4732","4732.0"
"0100000US","null","United States","01","Annual Survey of Public Employment and Payroll","2017","EP0560","Water Transport and Terminals - Total March Payroll","002","State","28538935","28538935.2"
"0100000US","null","United States","01","Annual Survey of Public Employment and Payroll","2018","EP0560","Water Transport and Terminals - Total March Payroll","002","State","31263902","31263902.0"
"0100000US","null","United States","01","Annual Survey of Public Employment and Payroll","2017","EP0565","Public Welfare - Full Time Employees","002","State","237181","237181.0"
"0100000US","null","United States","01","Annual Survey of Public Employment and Payroll","2018","EP0565","Public Welfare - Full Time Employees","002","State","237855","237855.0"
"0100000US","null","United States","01","Annual Survey of Public Employment and Payroll","2017","EP0570","Public Welfare - Full Time Pay","002","State","986646589","986646588.9"
"0100000US","null","United States","01","Annual Survey of Public Employment and Payroll","2018","EP0570","Public Welfare - Full Time Pay","002","State","1007033549","1007033549.0"
"0100000US","null","United States","01","Annual Survey of Public Employment and Payroll","2017","EP0575","Public Welfare - Part Time Employees","002","State","10411","10411.0"
"0100000US","null","United States","01","Annual Survey of Public Employment and Payroll","2018","EP0575","Public Welfare - Part Time Employees","002","State","10067","10067.0"
"0100000US","null","United States","01","Annual Survey of Public Employment and Payroll","2017","EP0580","Public Welfare - Part Time Pay","002","State","22928426","22928426.0"
"0100000US","null","United States","01","Annual Survey of Public Employment and Payroll","2018","EP0580","Public Welfare - Part Time Pay","002","State","23171907","23171907.0"
"0100000US","null","United States","01","Annual Survey of Public Employment and Payroll","2017","EP0585","Public Welfare - Part Time Hours","002","State","1081917","1081917.2"
"0100000US","null","United States","01","Annual Survey of Public Employment and Payroll","2018","EP0585","Public Welfare - Part Time Hours","002","State","1048129","1048129.0"
"0100000US","null","United States","01","Annual Survey of Public Employment and Payroll","2017","EP0590","Public Welfare - Full Time Equivalent","002","State","243358","243358.0"
"0100000US","null","United States","01","Annual Survey of Public Employment and Payroll","2018","EP0590","Public Welfare - Full Time Equivalent","002","State","243844","243844.0"
"0100000US","null","United States","01","Annual Survey of Public Employment and Payroll","2017","EP0595","Public Welfare - Total March Full-Time and Part-Time Employment","002","State","247592","247592.0"
"0100000US","null","United States","01","Annual Survey of Public Employment and Payroll","2018","EP0595","Public Welfare - Total March Full-Time and Part-Time Employment","002","State","247922","247922.0"
"0100000US","null","United States","01","Annual Survey of Public Employment and Payroll","2017","EP0600","Public Welfare - Total March Payroll","002","State","1009575015","1009575014.9"
"0100000US","null","United States","01","Annual Survey of Public Employment and Payroll","2018","EP0600","Public Welfare - Total March Payroll","002","State","1030205456","1030205456.0"
"0100000US","null","United States","01","Annual Survey of Public Employment and Payroll","2017","EP0605","Health - Full Time Employees","002","State","178347","178347.0"
"0100000US","null","United States","01","Annual Survey of Public Employment and Payroll","2018","EP0605","Health - Full Time Employees","002","State","179566","179566.0"
"0100000US","null","United States","01","Annual Survey of Public Employment and Payroll","2017","EP0610","Health - Full Time Pay","002","State","870308923","870308922.8"
"0100000US","null","United States","01","Annual Survey of Public Employment and Payroll","2018","EP0610","Health - Full Time Pay","002","State","897426447","897426447.0"
"0100000US","null","United States","01","Annual Survey of Public Employment and Payroll","2017","EP0615","Health - Part Time Employees","002","State","15220","15220.0"
"0100000US","null","United States","01","Annual Survey of Public Employment and Payroll","2018","EP0615","Health - Part Time Employees","002","State","15343","15343.0"
"0100000US","null","United States","01","Annual Survey of Public Employment and Payroll","2017","EP0620","Health - Part Time Pay","002","State","38183540","38183539.9"
"0100000US","null","United States","01","Annual Survey of Public Employment and Payroll","2018","EP0620","Health - Part Time Pay","002","State","39318460","39318460.0"
"0100000US","null","United States","01","Annual Survey of Public Employment and Payroll","2017","EP0625","Health - Part Time Hours","002","State","1243465","1243464.8"
"0100000US","null","United States","01","Annual Survey of Public Employment and Payroll","2018","EP0625","Health - Part Time Hours","002","State","1271888","1271888.0"
"0100000US","null","United States","01","Annual Survey of Public Employment and Payroll","2017","EP0630","Health - Full Time Equivalent","002","State","185433","185433.0"
"0100000US","null","United States","01","Annual Survey of Public Employment and Payroll","2018","EP0630","Health - Full Time Equivalent","002","State","186832","186832.0"
"0100000US","null","United States","01","Annual Survey of Public Employment and Payroll","2017","EP0635","Health - Total March Full-Time and Part-Time Employment","002","State","193567","193567.0"
"0100000US","null","United States","01","Annual Survey of Public Employment and Payroll","2018","EP0635","Health - Total March Full-Time and Part-Time Employment","002","State","194909","194909.0"
"0100000US","null","United States","01","Annual Survey of Public Employment and Payroll","2017","EP0640","Health - Total March Payroll","002","State","908492463","908492462.6"
"0100000US","null","United States","01","Annual Survey of Public Employment and Payroll","2018","EP0640","Health - Total March Payroll","002","State","936744907","936744907.0"
"0100000US","null","United States","01","Annual Survey of Public Employment and Payroll","2017","EP0645","Hospitals - Full Time Employees","002","State","356130","356130.0"
"0100000US","null","United States","01","Annual Survey of Public Employment and Payroll","2018","EP0645","Hospitals - Full Time Employees","002","State","352863","352863.0"
"0100000US","null","United States","01","Annual Survey of Public Employment and Payroll","2017","EP0650","Hospitals - Full Time Pay","002","State","1839762250","1839762250.0"
"0100000US","null","United States","01","Annual Survey of Public Employment and Payroll","2018","EP0650","Hospitals - Full Time Pay","002","State","1862609581","1862609581.0"
"0100000US","null","United States","01","Annual Survey of Public Employment and Payroll","2017","EP0655","Hospitals - Part Time Employees","002","State","78999","78999.0"
"0100000US","null","United States","01","Annual Survey of Public Employment and Payroll","2018","EP0655","Hospitals - Part Time Employees","002","State","80480","80480.0"
"0100000US","null","United States","01","Annual Survey of Public Employment and Payroll","2017","EP0660","Hospitals - Part Time Pay","002","State","331871930","331871929.8"
"0100000US","null","United States","01","Annual Survey of Public Employment and Payroll","2018","EP0660","Hospitals - Part Time Pay","002","State","345855579","345855579.0"
"0100000US","null","United States","01","Annual Survey of Public Employment and Payroll","2017","EP0665","Hospitals - Part Time Hours","002","State","8407305","8407305.3"
"0100000US","null","United States","01","Annual Survey of Public Employment and Payroll","2018","EP0665","Hospitals - Part Time Hours","002","State","8670758","8670758.0"
"0100000US","null","United States","01","Annual Survey of Public Employment and Payroll","2017","EP0670","Hospitals - Full Time Equivalent","002","State","403773","403773.0"
"0100000US","null","United States","01","Annual Survey of Public Employment and Payroll","2018","EP0670","Hospitals - Full Time Equivalent","002","State","401985","401985.0"
"0100000US","null","United States","01","Annual Survey of Public Employment and Payroll","2017","EP0675","Hospitals - Total March Full-Time and Part-Time Employment","002","State","435129","435129.0"
"0100000US","null","United States","01","Annual Survey of Public Employment and Payroll","2018","EP0675","Hospitals - Total March Full-Time and Part-Time Employment","002","State","433343","433343.0"
"0100000US","null","United States","01","Annual Survey of Public Employment and Payroll","2017","EP0680","Hospitals - Total March Payroll","002","State","2171634180","2171634179.8"
"0100000US","null","United States","01","Annual Survey of Public Employment and Payroll","2018","EP0680","Hospitals - Total March Payroll","002","State","2208465160","2208465160.0"
"0100000US","null","United States","01","Annual Survey of Public Employment and Payroll","2017","EP0685","Social Insurance Administration - Full Time Employees","002","State","68674","68674.0"
"0100000US","null","United States","01","Annual Survey of Public Employment and Payroll","2018","EP0685","Social Insurance Administration - Full Time Employees","002","State","65088","65088.0"
"0100000US","null","United States","01","Annual Survey of Public Employment and Payroll","2017","EP0690","Social Insurance Administration - Full Time Pay","002","State","320947363","320947363.1"
"0100000US","null","United States","01","Annual Survey of Public Employment and Payroll","2018","EP0690","Social Insurance Administration - Full Time Pay","002","State","318971247","318971247.0"
"0100000US","null","United States","01","Annual Survey of Public Employment and Payroll","2017","EP0695","Social Insurance Administration - Part Time Employees","002","State","3435","3435.0"
"0100000US","null","United States","01","Annual Survey of Public Employment and Payroll","2018","EP0695","Social Insurance Administration - Part Time Employees","002","State","3358","3358.0"
"0100000US","null","United States","01","Annual Survey of Public Employment and Payroll","2017","EP0700","Social Insurance Administration - Part Time Pay","002","State","9072189","9072189.4"
"0100000US","null","United States","01","Annual Survey of Public Employment and Payroll","2018","EP0700","Social Insurance Administration - Part Time Pay","002","State","10877387","10877387.0"
"0100000US","null","United States","01","Annual Survey of Public Employment and Payroll","2017","EP0705","Social Insurance Administration - Part Time Hours","002","State","382796","382796.0"
"0100000US","null","United States","01","Annual Survey of Public Employment and Payroll","2018","EP0705","Social Insurance Administration - Part Time Hours","002","State","328763","328763.0"
"0100000US","null","United States","01","Annual Survey of Public Employment and Payroll","2017","EP0710","Social Insurance Administration - Full Time Equivalent","002","State","70858","70858.0"
"0100000US","null","United States","01","Annual Survey of Public Employment and Payroll","2018","EP0710","Social Insurance Administration - Full Time Equivalent","002","State","66962","66962.0"
"0100000US","null","United States","01","Annual Survey of Public Employment and Payroll","2017","EP0715","Social Insurance Administration - Total March Full-Time and Part-Time Employment","002","State","72109","72109.0"
"0100000US","null","United States","01","Annual Survey of Public Employment and Payroll","2018","EP0715","Social Insurance Administration - Total March Full-Time and Part-Time Employment","002","State","68446","68446.0"
"0100000US","null","United States","01","Annual Survey of Public Employment and Payroll","2017","EP0720","Social Insurance Administration - Total March Payroll","002","State","330019553","330019552.5"
"0100000US","null","United States","01","Annual Survey of Public Employment and Payroll","2018","EP0720","Social Insurance Administration - Total March Payroll","002","State","329848634","329848634.0"
"0100000US","null","United States","01","Annual Survey of Public Employment and Payroll","2017","EP0725","Solid Waste Management - Full Time Employees","002","State","2171","2171.0"
"0100000US","null","United States","01","Annual Survey of Public Employment and Payroll","2018","EP0725","Solid Waste Management - Full Time Employees","002","State","2081","2081.0"
"0100000US","null","United States","01","Annual Survey of Public Employment and Payroll","2017","EP0730","Solid Waste Management - Full Time Pay","002","State","12936995","12936995.4"
"0100000US","null","United States","01","Annual Survey of Public Employment and Payroll","2018","EP0730","Solid Waste Management - Full Time Pay","002","State","12746502","12746502.0"
"0100000US","null","United States","01","Annual Survey of Public Employment and Payroll","2017","EP0735","Solid Waste Management - Part Time Employees","002","State","145","145.0"
"0100000US","null","United States","01","Annual Survey of Public Employment and Payroll","2018","EP0735","Solid Waste Management - Part Time Employees","002","State","137","137.0"
"0100000US","null","United States","01","Annual Survey of Public Employment and Payroll","2017","EP0740","Solid Waste Management - Part Time Pay","002","State","355503","355503.1"
"0100000US","null","United States","01","Annual Survey of Public Employment and Payroll","2018","EP0740","Solid Waste Management - Part Time Pay","002","State","344464","344464.0"
"0100000US","null","United States","01","Annual Survey of Public Employment and Payroll","2017","EP0745","Solid Waste Management - Part Time Hours","002","State","14832","14832.0"
"0100000US","null","United States","01","Annual Survey of Public Employment and Payroll","2018","EP0745","Solid Waste Management - Part Time Hours","002","State","14072","14072.0"
"0100000US","null","United States","01","Annual Survey of Public Employment and Payroll","2017","EP0750","Solid Waste Management - Full Time Equivalent","002","State","2255","2255.0"
"0100000US","null","United States","01","Annual Survey of Public Employment and Payroll","2018","EP0750","Solid Waste Management - Full Time Equivalent","002","State","2163","2163.0"
"0100000US","null","United States","01","Annual Survey of Public Employment and Payroll","2017","EP0755","Solid Waste Management - Total March Full-Time and Part-Time Employment","002","State","2316","2316.0"
"0100000US","null","United States","01","Annual Survey of Public Employment and Payroll","2018","EP0755","Solid Waste Management - Total March Full-Time and Part-Time Employment","002","State","2218","2218.0"
"0100000US","null","United States","01","Annual Survey of Public Employment and Payroll","2017","EP0760","Solid Waste Management - Total March Payroll","002","State","13292498","13292498.4"
"0100000US","null","United States","01","Annual Survey of Public Employment and Payroll","2018","EP0760","Solid Waste Management - Total March Payroll","002","State","13090966","13090966.0"
"0100000US","null","United States","01","Annual Survey of Public Employment and Payroll","2017","EP0765","Sewerage - Full Time Employees","002","State","1643","1643.0"
"0100000US","null","United States","01","Annual Survey of Public Employment and Payroll","2018","EP0765","Sewerage - Full Time Employees","002","State","1627","1627.0"
"0100000US","null","United States","01","Annual Survey of Public Employment and Payroll","2017","EP0770","Sewerage - Full Time Pay","002","State","11736822","11736821.9"
"0100000US","null","United States","01","Annual Survey of Public Employment and Payroll","2018","EP0770","Sewerage - Full Time Pay","002","State","11683533","11683533.0"
"0100000US","null","United States","01","Annual Survey of Public Employment and Payroll","2017","EP0775","Sewerage - Part Time Employees","002","State","46","46.0"
"0100000US","null","United States","01","Annual Survey of Public Employment and Payroll","2018","EP0775","Sewerage - Part Time Employees","002","State","50","50.0"
"0100000US","null","United States","01","Annual Survey of Public Employment and Payroll","2017","EP0780","Sewerage - Part Time Pay","002","State","263693","263692.7"
"0100000US","null","United States","01","Annual Survey of Public Employment and Payroll","2018","EP0780","Sewerage - Part Time Pay","002","State","269802","269802.0"
"0100000US","null","United States","01","Annual Survey of Public Employment and Payroll","2017","EP0785","Sewerage - Part Time Hours","002","State","3986","3986.3"
"0100000US","null","United States","01","Annual Survey of Public Employment and Payroll","2018","EP0785","Sewerage - Part Time Hours","002","State","3869","3869.0"
"0100000US","null","United States","01","Annual Survey of Public Employment and Payroll","2017","EP0790","Sewerage - Full Time Equivalent","002","State","1665","1665.0"
"0100000US","null","United States","01","Annual Survey of Public Employment and Payroll","2018","EP0790","Sewerage - Full Time Equivalent","002","State","1650","1650.0"
"0100000US","null","United States","01","Annual Survey of Public Employment and Payroll","2017","EP0795","Sewerage - Total March Full-Time and Part-Time Employment","002","State","1689","1689.0"
"0100000US","null","United States","01","Annual Survey of Public Employment and Payroll","2018","EP0795","Sewerage - Total March Full-Time and Part-Time Employment","002","State","1677","1677.0"
"0100000US","null","United States","01","Annual Survey of Public Employment and Payroll","2017","EP0800","Sewerage - Total March Payroll","002","State","12000515","12000514.6"
"0100000US","null","United States","01","Annual Survey of Public Employment and Payroll","2018","EP0800","Sewerage - Total March Payroll","002","State","11953335","11953335.0"
"0100000US","null","United States","01","Annual Survey of Public Employment and Payroll","2017","EP0805","Parks and Recreation - Full Time Employees","002","State","29435","29435.0"
"0100000US","null","United States","01","Annual Survey of Public Employment and Payroll","2018","EP0805","Parks and Recreation - Full Time Employees","002","State","29095","29095.0"
"0100000US","null","United States","01","Annual Survey of Public Employment and Payroll","2017","EP0810","Parks and Recreation - Full Time Pay","002","State","113410792","113410791.6"
"0100000US","null","United States","01","Annual Survey of Public Employment and Payroll","2018","EP0810","Parks and Recreation - Full Time Pay","002","State","117427266","117427266.0"
"0100000US","null","United States","01","Annual Survey of Public Employment and Payroll","2017","EP0815","Parks and Recreation - Part Time Employees","002","State","11978","11978.0"
"0100000US","null","United States","01","Annual Survey of Public Employment and Payroll","2018","EP0815","Parks and Recreation - Part Time Employees","002","State","12402","12402.0"
"0100000US","null","United States","01","Annual Survey of Public Employment and Payroll","2017","EP0820","Parks and Recreation - Part Time Pay","002","State","15801242","15801242.0"
"0100000US","null","United States","01","Annual Survey of Public Employment and Payroll","2018","EP0820","Parks and Recreation - Part Time Pay","002","State","17177234","17177234.0"
"0100000US","null","United States","01","Annual Survey of Public Employment and Payroll","2017","EP0825","Parks and Recreation - Part Time Hours","002","State","1045380","1045380.2"
"0100000US","null","United States","01","Annual Survey of Public Employment and Payroll","2018","EP0825","Parks and Recreation - Part Time Hours","002","State","1025913","1025913.0"
"0100000US","null","United States","01","Annual Survey of Public Employment and Payroll","2017","EP0830","Parks and Recreation - Full Time Equivalent","002","State","35410","35410.0"
"0100000US","null","United States","01","Annual Survey of Public Employment and Payroll","2018","EP0830","Parks and Recreation - Full Time Equivalent","002","State","34964","34964.0"
"0100000US","null","United States","01","Annual Survey of Public Employment and Payroll","2017","EP0835","Parks and Recreation - Total March Full-Time and Part-Time Employment","002","State","41413","41413.0"
"0100000US","null","United States","01","Annual Survey of Public Employment and Payroll","2018","EP0835","Parks and Recreation - Total March Full-Time and Part-Time Employment","002","State","41497","41497.0"
"0100000US","null","United States","01","Annual Survey of Public Employment and Payroll","2017","EP0840","Parks and Recreation - Total March Payroll","002","State","129212034","129212033.6"
"0100000US","null","United States","01","Annual Survey of Public Employment and Payroll","2018","EP0840","Parks and Recreation - Total March Payroll","002","State","134604500","134604500.0"
"0100000US","null","United States","01","Annual Survey of Public Employment and Payroll","2017","EP0845","Housing and Community Development - Full Time Employees","002","State","601","601.0"
"0100000US","null","United States","01","Annual Survey of Public Employment and Payroll","2018","EP0845","Housing and Community Development - Full Time Employees","002","State","586","586.0"
"0100000US","null","United States","01","Annual Survey of Public Employment and Payroll","2017","EP0850","Housing and Community Development - Full Time Pay","002","State","3635974","3635973.7"
"0100000US","null","United States","01","Annual Survey of Public Employment and Payroll","2018","EP0850","Housing and Community Development - Full Time Pay","002","State","3668325","3668325.0"
"0100000US","null","United States","01","Annual Survey of Public Employment and Payroll","2017","EP0855","Housing and Community Development - Part Time Employees","002","State","48","48.0"
"0100000US","null","United States","01","Annual Survey of Public Employment and Payroll","2018","EP0855","Housing and Community Development - Part Time Employees","002","State","46","46.0"
"0100000US","null","United States","01","Annual Survey of Public Employment and Payroll","2017","EP0860","Housing and Community Development - Part Time Pay","002","State","147930","147929.8"
"0100000US","null","United States","01","Annual Survey of Public Employment and Payroll","2018","EP0860","Housing and Community Development - Part Time Pay","002","State","148097","148097.0"
"0100000US","null","United States","01","Annual Survey of Public Employment and Payroll","2017","EP0865","Housing and Community Development - Part Time Hours","002","State","5982","5981.6"
"0100000US","null","United States","01","Annual Survey of Public Employment and Payroll","2018","EP0865","Housing and Community Development - Part Time Hours","002","State","5727","5727.0"
"0100000US","null","United States","01","Annual Survey of Public Employment and Payroll","2017","EP0870","Housing and Community Development - Full Time Equivalent","002","State","635","635.0"
"0100000US","null","United States","01","Annual Survey of Public Employment and Payroll","2018","EP0870","Housing and Community Development - Full Time Equivalent","002","State","618","618.0"
"0100000US","null","United States","01","Annual Survey of Public Employment and Payroll","2017","EP0875","Housing and Community Development - Total March Full-Time and Part-Time Employment","002","State","649","649.0"
"0100000US","null","United States","01","Annual Survey of Public Employment and Payroll","2018","EP0875","Housing and Community Development - Total March Full-Time and Part-Time Employment","002","State","632","632.0"
"0100000US","null","United States","01","Annual Survey of Public Employment and Payroll","2017","EP0880","Housing and Community Development - Total March Payroll","002","State","3783904","3783903.5"
"0100000US","null","United States","01","Annual Survey of Public Employment and Payroll","2018","EP0880","Housing and Community Development - Total March Payroll","002","State","3816422","3816422.0"
"0100000US","null","United States","01","Annual Survey of Public Employment and Payroll","2017","EP0885","Natural Resources - Full Time Employees","002","State","120878","120878.0"
"0100000US","null","United States","01","Annual Survey of Public Employment and Payroll","2018","EP0885","Natural Resources - Full Time Employees","002","State","120026","120026.0"
"0100000US","null","United States","01","Annual Survey of Public Employment and Payroll","2017","EP0890","Natural Resources - Full Time Pay","002","State","589199161","589199161.2"
"0100000US","null","United States","01","Annual Survey of Public Employment and Payroll","2018","EP0890","Natural Resources - Full Time Pay","002","State","600749028","600749028.0"
"0100000US","null","United States","01","Annual Survey of Public Employment and Payroll","2017","EP0895","Natural Resources - Part Time Employees","002","State","26282","26282.0"
"0100000US","null","United States","01","Annual Survey of Public Employment and Payroll","2018","EP0895","Natural Resources - Part Time Employees","002","State","25772","25772.0"
"0100000US","null","United States","01","Annual Survey of Public Employment and Payroll","2017","EP0900","Natural Resources - Part Time Pay","002","State","42910711","42910711.1"
"0100000US","null","United States","01","Annual Survey of Public Employment and Payroll","2018","EP0900","Natural Resources - Part Time Pay","002","State","42807615","42807615.0"
"0100000US","null","United States","01","Annual Survey of Public Employment and Payroll","2017","EP0905","Natural Resources - Part Time Hours","002","State","2280254","2280254.4"
"0100000US","null","United States","01","Annual Survey of Public Employment and Payroll","2018","EP0905","Natural Resources - Part Time Hours","002","State","2175010","2175010.0"
"0100000US","null","United States","01","Annual Survey of Public Employment and Payroll","2017","EP0910","Natural Resources - Full Time Equivalent","002","State","133846","133846.0"
"0100000US","null","United States","01","Annual Survey of Public Employment and Payroll","2018","EP0910","Natural Resources - Full Time Equivalent","002","State","132374","132374.0"
"0100000US","null","United States","01","Annual Survey of Public Employment and Payroll","2017","EP0915","Natural Resources - Total March Full-Time and Part-Time Employment","002","State","147160","147160.0"
"0100000US","null","United States","01","Annual Survey of Public Employment and Payroll","2018","EP0915","Natural Resources - Total March Full-Time and Part-Time Employment","002","State","145798","145798.0"
"0100000US","null","United States","01","Annual Survey of Public Employment and Payroll","2017","EP0920","Natural Resources - Total March Payroll","002","State","632109872","632109872.3"
"0100000US","null","United States","01","Annual Survey of Public Employment and Payroll","2018","EP0920","Natural Resources - Total March Payroll","002","State","643556643","643556643.0"
"0100000US","null","United States","01","Annual Survey of Public Employment and Payroll","2017","EP0925","Water Supply - Full Time Employees","002","State","723","723.0"
"0100000US","null","United States","01","Annual Survey of Public Employment and Payroll","2018","EP0925","Water Supply - Full Time Employees","002","State","720","720.0"
"0100000US","null","United States","01","Annual Survey of Public Employment and Payroll","2017","EP0930","Water Supply - Full Time Pay","002","State","4535842","4535842.1"
"0100000US","null","United States","01","Annual Survey of Public Employment and Payroll","2018","EP0930","Water Supply - Full Time Pay","002","State","4549528","4549528.0"
"0100000US","null","United States","01","Annual Survey of Public Employment and Payroll","2017","EP0935","Water Supply - Part Time Employees","002","State","27","27.0"
"0100000US","null","United States","01","Annual Survey of Public Employment and Payroll","2018","EP0935","Water Supply - Part Time Employees","002","State","40","40.0"
"0100000US","null","United States","01","Annual Survey of Public Employment and Payroll","2017","EP0940","Water Supply - Part Time Pay","002","State","61788","61787.8"
"0100000US","null","United States","01","Annual Survey of Public Employment and Payroll","2018","EP0940","Water Supply - Part Time Pay","002","State","80767","80767.0"
"0100000US","null","United States","01","Annual Survey of Public Employment and Payroll","2017","EP0945","Water Supply - Part Time Hours","002","State","1561","1560.6"
"0100000US","null","United States","01","Annual Survey of Public Employment and Payroll","2018","EP0945","Water Supply - Part Time Hours","002","State","3467","3467.0"
"0100000US","null","United States","01","Annual Survey of Public Employment and Payroll","2017","EP0950","Water Supply - Full Time Equivalent","002","State","732","732.0"
"0100000US","null","United States","01","Annual Survey of Public Employment and Payroll","2018","EP0950","Water Supply - Full Time Equivalent","002","State","740","740.0"
"0100000US","null","United States","01","Annual Survey of Public Employment and Payroll","2017","EP0955","Water Supply - Total March Full-Time and Part-Time Employment","002","State","750","750.0"
"0100000US","null","United States","01","Annual Survey of Public Employment and Payroll","2018","EP0955","Water Supply - Total March Full-Time and Part-Time Employment","002","State","760","760.0"
"0100000US","null","United States","01","Annual Survey of Public Employment and Payroll","2017","EP0960","Water Supply - Total March Payroll","002","State","4597630","4597629.9"
"0100000US","null","United States","01","Annual Survey of Public Employment and Payroll","2018","EP0960","Water Supply - Total March Payroll","002","State","4630295","4630295.0"
"0100000US","null","United States","01","Annual Survey of Public Employment and Payroll","2017","EP0965","Electric Power - Full Time Employees","002","State","4196","4196.0"
"0100000US","null","United States","01","Annual Survey of Public Employment and Payroll","2018","EP0965","Electric Power - Full Time Employees","002","State","4057","4057.0"
"0100000US","null","United States","01","Annual Survey of Public Employment and Payroll","2017","EP0970","Electric Power - Full Time Pay","002","State","33005004","33005004.1"
"0100000US","null","United States","01","Annual Survey of Public Employment and Payroll","2018","EP0970","Electric Power - Full Time Pay","002","State","34448770","34448770.0"
"0100000US","null","United States","01","Annual Survey of Public Employment and Payroll","2017","EP0975","Electric Power - Part Time Employees","002","State","103","103.0"
"0100000US","null","United States","01","Annual Survey of Public Employment and Payroll","2018","EP0975","Electric Power - Part Time Employees","002","State","98","98.0"
"0100000US","null","United States","01","Annual Survey of Public Employment and Payroll","2017","EP0980","Electric Power - Part Time Pay","002","State","262672","262671.5"
"0100000US","null","United States","01","Annual Survey of Public Employment and Payroll","2018","EP0980","Electric Power - Part Time Pay","002","State","260071","260071.0"
"0100000US","null","United States","01","Annual Survey of Public Employment and Payroll","2017","EP0985","Electric Power - Part Time Hours","002","State","8516","8515.6"
"0100000US","null","United States","01","Annual Survey of Public Employment and Payroll","2018","EP0985","Electric Power - Part Time Hours","002","State","7820","7820.0"
"0100000US","null","United States","01","Annual Survey of Public Employment and Payroll","2017","EP0990","Electric Power - Full Time Equivalent","002","State","4244","4244.0"
"0100000US","null","United States","01","Annual Survey of Public Employment and Payroll","2018","EP0990","Electric Power - Full Time Equivalent","002","State","4101","4101.0"
"0100000US","null","United States","01","Annual Survey of Public Employment and Payroll","2017","EP0995","Electric Power - Total March Full-Time and Part-Time Employment","002","State","4299","4299.0"
"0100000US","null","United States","01","Annual Survey of Public Employment and Payroll","2018","EP0995","Electric Power - Total March Full-Time and Part-Time Employment","002","State","4155","4155.0"
"0100000US","null","United States","01","Annual Survey of Public Employment and Payroll","2017","EP1000","Electric Power - Total March Payroll","002","State","33267676","33267675.6"
"0100000US","null","United States","01","Annual Survey of Public Employment and Payroll","2018","EP1000","Electric Power - Total March Payroll","002","State","34708841","34708841.0"
"0100000US","null","United States","01","Annual Survey of Public Employment and Payroll","2017","EP1045","Transit - Full Time Employees","002","State","37183","37183.0"
"0100000US","null","United States","01","Annual Survey of Public Employment and Payroll","2018","EP1045","Transit - Full Time Employees","002","State","37902","37902.0"
"0100000US","null","United States","01","Annual Survey of Public Employment and Payroll","2017","EP1050","Transit - Full Time Pay","002","State","270155601","270155601.2"
"0100000US","null","United States","01","Annual Survey of Public Employment and Payroll","2018","EP1050","Transit - Full Time Pay","002","State","289404768","289404768.0"
"0100000US","null","United States","01","Annual Survey of Public Employment and Payroll","2017","EP1055","Transit - Part Time Employees","002","State","2010","2010.0"
"0100000US","null","United States","01","Annual Survey of Public Employment and Payroll","2018","EP1055","Transit - Part Time Employees","002","State","1963","1963.0"
"0100000US","null","United States","01","Annual Survey of Public Employment and Payroll","2017","EP1060","Transit - Part Time Pay","002","State","4693759","4693758.7"
"0100000US","null","United States","01","Annual Survey of Public Employment and Payroll","2018","EP1060","Transit - Part Time Pay","002","State","4751177","4751177.0"
"0100000US","null","United States","01","Annual Survey of Public Employment and Payroll","2017","EP1065","Transit - Part Time Hours","002","State","172184","172184.0"
"0100000US","null","United States","01","Annual Survey of Public Employment and Payroll","2018","EP1065","Transit - Part Time Hours","002","State","166537","166537.0"
"0100000US","null","United States","01","Annual Survey of Public Employment and Payroll","2017","EP1070","Transit - Full Time Equivalent","002","State","38170","38170.0"
"0100000US","null","United States","01","Annual Survey of Public Employment and Payroll","2018","EP1070","Transit - Full Time Equivalent","002","State","38857","38857.0"
"0100000US","null","United States","01","Annual Survey of Public Employment and Payroll","2017","EP1075","Transit - Total March Full-Time and Part-Time Employment","002","State","39193","39193.0"
"0100000US","null","United States","01","Annual Survey of Public Employment and Payroll","2018","EP1075","Transit - Total March Full-Time and Part-Time Employment","002","State","39865","39865.0"
"0100000US","null","United States","01","Annual Survey of Public Employment and Payroll","2017","EP1080","Transit - Total March Payroll","002","State","274849360","274849359.9"
"0100000US","null","United States","01","Annual Survey of Public Employment and Payroll","2018","EP1080","Transit - Total March Payroll","002","State","294155945","294155945.0"
"0100000US","null","United States","01","Annual Survey of Public Employment and Payroll","2017","EP1165","Education - Elementary and Secondary Instructional - Full Time Employees","002","State","31385","31385.0"
"0100000US","null","United States","01","Annual Survey of Public Employment and Payroll","2018","EP1165","Education - Elementary and Secondary Instructional - Full Time Employees","002","State","31462","31462.0"
"0100000US","null","United States","01","Annual Survey of Public Employment and Payroll","2017","EP1170","Education - Elementary and Secondary Instructional - Full Time Pay","002","State","180802484","180802484.0"
"0100000US","null","United States","01","Annual Survey of Public Employment and Payroll","2018","EP1170","Education - Elementary and Secondary Instructional - Full Time Pay","002","State","187545685","187545685.0"
"0100000US","null","United States","01","Annual Survey of Public Employment and Payroll","2017","EP1175","Education - Elementary and Secondary Instructional - Part Time Employees","002","State","12829","12829.0"
"0100000US","null","United States","01","Annual Survey of Public Employment and Payroll","2018","EP1175","Education - Elementary and Secondary Instructional - Part Time Employees","002","State","12572","12572.0"
"0100000US","null","United States","01","Annual Survey of Public Employment and Payroll","2017","EP1180","Education - Elementary and Secondary Instructional - Part Time Pay","002","State","13354583","13354582.6"
"0100000US","null","United States","01","Annual Survey of Public Employment and Payroll","2018","EP1180","Education - Elementary and Secondary Instructional - Part Time Pay","002","State","13188716","13188716.0"
"0100000US","null","United States","01","Annual Survey of Public Employment and Payroll","2017","EP1185","Education - Elementary and Secondary Instructional - Part Time Hours","002","State","665593","665592.9"
"0100000US","null","United States","01","Annual Survey of Public Employment and Payroll","2018","EP1185","Education - Elementary and Secondary Instructional - Part Time Hours","002","State","644681","644681.0"
"0100000US","null","United States","01","Annual Survey of Public Employment and Payroll","2017","EP1190","Education - Elementary and Secondary Instructional - Full Time Equivalent","002","State","35233","35233.0"
"0100000US","null","United States","01","Annual Survey of Public Employment and Payroll","2018","EP1190","Education - Elementary and Secondary Instructional - Full Time Equivalent","002","State","35365","35365.0"
"0100000US","null","United States","01","Annual Survey of Public Employment and Payroll","2017","EP1195","Education - Elementary and Secondary Instructional - Total March Full-Time and Part-Time Employment","002","State","44214","44214.0"
"0100000US","null","United States","01","Annual Survey of Public Employment and Payroll","2018","EP1195","Education - Elementary and Secondary Instructional - Total March Full-Time and Part-Time Employment","002","State","44034","44034.0"
"0100000US","null","United States","01","Annual Survey of Public Employment and Payroll","2017","EP1200","Education - Elementary and Secondary Instructional - Total March Payroll","002","State","194157067","194157066.6"
"0100000US","null","United States","01","Annual Survey of Public Employment and Payroll","2018","EP1200","Education - Elementary and Secondary Instructional - Total March Payroll","002","State","200734401","200734401.0"
"0100000US","null","United States","01","Annual Survey of Public Employment and Payroll","2017","EP1205","Education - Elementary and Secondary Other - Full Time Employees","002","State","10489","10489.0"
"0100000US","null","United States","01","Annual Survey of Public Employment and Payroll","2018","EP1205","Education - Elementary and Secondary Other - Full Time Employees","002","State","10679","10679.0"
"0100000US","null","United States","01","Annual Survey of Public Employment and Payroll","2017","EP1210","Education - Elementary and Secondary Other - Full Time Pay","002","State","40738964","40738964.1"
"0100000US","null","United States","01","Annual Survey of Public Employment and Payroll","2018","EP1210","Education - Elementary and Secondary Other - Full Time Pay","002","State","43326705","43326705.0"
"0100000US","null","United States","01","Annual Survey of Public Employment and Payroll","2017","EP1215","Education - Elementary and Secondary Other - Part Time Employees","002","State","4701","4701.0"
"0100000US","null","United States","01","Annual Survey of Public Employment and Payroll","2018","EP1215","Education - Elementary and Secondary Other - Part Time Employees","002","State","4762","4762.0"
"0100000US","null","United States","01","Annual Survey of Public Employment and Payroll","2017","EP1220","Education - Elementary and Secondary Other - Part Time Pay","002","State","5695882","5695881.8"
"0100000US","null","United States","01","Annual Survey of Public Employment and Payroll","2018","EP1220","Education - Elementary and Secondary Other - Part Time Pay","002","State","5992542","5992542.0"
"0100000US","null","United States","01","Annual Survey of Public Employment and Payroll","2017","EP1225","Education - Elementary and Secondary Other - Part Time Hours","002","State","319405","319405.2"
"0100000US","null","United States","01","Annual Survey of Public Employment and Payroll","2018","EP1225","Education - Elementary and Secondary Other - Part Time Hours","002","State","336002","336002.0"
"0100000US","null","United States","01","Annual Survey of Public Employment and Payroll","2017","EP1230","Education - Elementary and Secondary Other - Full Time Equivalent","002","State","12560","12560.0"
"0100000US","null","United States","01","Annual Survey of Public Employment and Payroll","2018","EP1230","Education - Elementary and Secondary Other - Full Time Equivalent","002","State","12778","12778.0"
"0100000US","null","United States","01","Annual Survey of Public Employment and Payroll","2017","EP1235","Education - Elementary and Secondary Other - Total March Full-Time and Part-Time Employment","002","State","15190","15190.0"
"0100000US","null","United States","01","Annual Survey of Public Employment and Payroll","2018","EP1235","Education - Elementary and Secondary Other - Total March Full-Time and Part-Time Employment","002","State","15441","15441.0"
"0100000US","null","United States","01","Annual Survey of Public Employment and Payroll","2017","EP1240","Education - Elementary and Secondary Other - Total March Payroll","002","State","46434846","46434845.9"
"0100000US","null","United States","01","Annual Survey of Public Employment and Payroll","2018","EP1240","Education - Elementary and Secondary Other - Total March Payroll","002","State","49319247","49319247.0"
"0100000US","null","United States","01","Annual Survey of Public Employment and Payroll","2017","EP1285","Education - Higher Education Instructional - Full Time Employees","002","State","426157","426157.0"
"0100000US","null","United States","01","Annual Survey of Public Employment and Payroll","2018","EP1285","Education - Higher Education Instructional - Full Time Employees","002","State","426023","426023.0"
"0100000US","null","United States","01","Annual Survey of Public Employment and Payroll","2017","EP1290","Education - Higher Education Instructional - Full Time Pay","002","State","3563183965","3563183965.2"
"0100000US","null","United States","01","Annual Survey of Public Employment and Payroll","2018","EP1290","Education - Higher Education Instructional - Full Time Pay","002","State","3680243287","3680243287.0"
"0100000US","null","United States","01","Annual Survey of Public Employment and Payroll","2017","EP1295","Education - Higher Education Instructional - Part Time Employees","002","State","431241","431241.0"
"0100000US","null","United States","01","Annual Survey of Public Employment and Payroll","2018","EP1295","Education - Higher Education Instructional - Part Time Employees","002","State","431666","431666.0"
"0100000US","null","United States","01","Annual Survey of Public Employment and Payroll","2017","EP1300","Education - Higher Education Instructional - Part Time Pay","002","State","847035548","847035548.2"
"0100000US","null","United States","01","Annual Survey of Public Employment and Payroll","2018","EP1300","Education - Higher Education Instructional - Part Time Pay","002","State","860685505","860685505.0"
"0100000US","null","United States","01","Annual Survey of Public Employment and Payroll","2017","EP1305","Education - Higher Education Instructional - Part Time Hours","002","State","28898259","28898259.4"
"0100000US","null","United States","01","Annual Survey of Public Employment and Payroll","2018","EP1305","Education - Higher Education Instructional - Part Time Hours","002","State","27741757","27741757.0"
"0100000US","null","United States","01","Annual Survey of Public Employment and Payroll","2017","EP1310","Education - Higher Education Instructional - Full Time Equivalent","002","State","590765","590765.0"
"0100000US","null","United States","01","Annual Survey of Public Employment and Payroll","2018","EP1310","Education - Higher Education Instructional - Full Time Equivalent","002","State","584663","584663.0"
"0100000US","null","United States","01","Annual Survey of Public Employment and Payroll","2017","EP1315","Education - Higher Education Instructional - Total March Full-Time and Part-Time Employment","002","State","857398","857398.0"
"0100000US","null","United States","01","Annual Survey of Public Employment and Payroll","2018","EP1315","Education - Higher Education Instructional - Total March Full-Time and Part-Time Employment","002","State","857689","857689.0"
"0100000US","null","United States","01","Annual Survey of Public Employment and Payroll","2017","EP1320","Education - Higher Education Instructional - Total March Payroll","002","State","4410219513","4410219513.4"
"0100000US","null","United States","01","Annual Survey of Public Employment and Payroll","2018","EP1320","Education - Higher Education Instructional - Total March Payroll","002","State","4540928792","4540928792.0"
"0100000US","null","United States","01","Annual Survey of Public Employment and Payroll","2017","EP1325","Education - Higher Education Other - Full Time Employees","002","State","913666","913666.0"
"0100000US","null","United States","01","Annual Survey of Public Employment and Payroll","2018","EP1325","Education - Higher Education Other - Full Time Employees","002","State","915318","915318.0"
"0100000US","null","United States","01","Annual Survey of Public Employment and Payroll","2017","EP1330","Education - Higher Education Other - Full Time Pay","002","State","4650601671","4650601671.0"
"0100000US","null","United States","01","Annual Survey of Public Employment and Payroll","2018","EP1330","Education - Higher Education Other - Full Time Pay","002","State","4828172878","4828172878.0"
"0100000US","null","United States","01","Annual Survey of Public Employment and Payroll","2017","EP1335","Education - Higher Education Other - Part Time Employees","002","State","929559","929559.0"
"0100000US","null","United States","01","Annual Survey of Public Employment and Payroll","2018","EP1335","Education - Higher Education Other - Part Time Employees","002","State","923261","923261.0"
"0100000US","null","United States","01","Annual Survey of Public Employment and Payroll","2017","EP1340","Education - Higher Education Other - Part Time Pay","002","State","867104011","867104010.6"
"0100000US","null","United States","01","Annual Survey of Public Employment and Payroll","2018","EP1340","Education - Higher Education Other - Part Time Pay","002","State","883651136","883651136.0"
"0100000US","null","United States","01","Annual Survey of Public Employment and Payroll","2017","EP1345","Education - Higher Education Other - Part Time Hours","002","State","52474991","52474990.9"
"0100000US","null","United States","01","Annual Survey of Public Employment and Payroll","2018","EP1345","Education - Higher Education Other - Part Time Hours","002","State","51469221","51469221.0"
"0100000US","null","United States","01","Annual Survey of Public Employment and Payroll","2017","EP1350","Education - Higher Education Other - Full Time Equivalent","002","State","1212572","1212572.0"
"0100000US","null","United States","01","Annual Survey of Public Employment and Payroll","2018","EP1350","Education - Higher Education Other - Full Time Equivalent","002","State","1209119","1209119.0"
"0100000US","null","United States","01","Annual Survey of Public Employment and Payroll","2017","EP1355","Education - Higher Education Other - Total March Full-Time and Part-Time Employment","002","State","1843225","1843225.0"
"0100000US","null","United States","01","Annual Survey of Public Employment and Payroll","2018","EP1355","Education - Higher Education Other - Total March Full-Time and Part-Time Employment","002","State","1838579","1838579.0"
"0100000US","null","United States","01","Annual Survey of Public Employment and Payroll","2017","EP1360","Education - Higher Education Other - Total March Payroll","002","State","5517705682","5517705681.6"
"0100000US","null","United States","01","Annual Survey of Public Employment and Payroll","2018","EP1360","Education - Higher Education Other - Total March Payroll","002","State","5711824014","5711824014.0"
"0100000US","null","United States","01","Annual Survey of Public Employment and Payroll","2017","EP1365","Education - Other - Full Time Employees","002","State","76889","76889.0"
"0100000US","null","United States","01","Annual Survey of Public Employment and Payroll","2018","EP1365","Education - Other - Full Time Employees","002","State","76174","76174.0"
"0100000US","null","United States","01","Annual Survey of Public Employment and Payroll","2017","EP1370","Education - Other - Full Time Pay","002","State","377477211","377477210.8"
"0100000US","null","United States","01","Annual Survey of Public Employment and Payroll","2018","EP1370","Education - Other - Full Time Pay","002","State","381883661","381883661.0"
"0100000US","null","United States","01","Annual Survey of Public Employment and Payroll","2017","EP1375","Education - Other - Part Time Employees","002","State","13626","13626.0"
"0100000US","null","United States","01","Annual Survey of Public Employment and Payroll","2018","EP1375","Education - Other - Part Time Employees","002","State","13564","13564.0"
"0100000US","null","United States","01","Annual Survey of Public Employment and Payroll","2017","EP1380","Education - Other - Part Time Pay","002","State","24365349","24365348.5"
"0100000US","null","United States","01","Annual Survey of Public Employment and Payroll","2018","EP1380","Education - Other - Part Time Pay","002","State","24657533","24657533.0"
"0100000US","null","United States","01","Annual Survey of Public Employment and Payroll","2017","EP1385","Education - Other - Part Time Hours","002","State","1119032","1119031.9"
"0100000US","null","United States","01","Annual Survey of Public Employment and Payroll","2018","EP1385","Education - Other - Part Time Hours","002","State","1032829","1032829.0"
"0100000US","null","United States","01","Annual Survey of Public Employment and Payroll","2017","EP1390","Education - Other - Full Time Equivalent","002","State","83273","83273.0"
"0100000US","null","United States","01","Annual Survey of Public Employment and Payroll","2018","EP1390","Education - Other - Full Time Equivalent","002","State","82067","82067.0"
"0100000US","null","United States","01","Annual Survey of Public Employment and Payroll","2017","EP1395","Education - Other - Total March Full-Time and Part-Time Employment","002","State","90515","90515.0"
"0100000US","null","United States","01","Annual Survey of Public Employment and Payroll","2018","EP1395","Education - Other - Total March Full-Time and Part-Time Employment","002","State","89738","89738.0"
"0100000US","null","United States","01","Annual Survey of Public Employment and Payroll","2017","EP1400","Education - Other - Total March Payroll","002","State","401842559","401842559.3"
"0100000US","null","United States","01","Annual Survey of Public Employment and Payroll","2018","EP1400","Education - Other - Total March Payroll","002","State","406541194","406541194.0"
"0100000US","null","United States","01","Annual Survey of Public Employment and Payroll","2017","EP1405","Libraries - Full Time Employees","002","State","553","553.0"
"0100000US","null","United States","01","Annual Survey of Public Employment and Payroll","2018","EP1405","Libraries - Full Time Employees","002","State","556","556.0"
"0100000US","null","United States","01","Annual Survey of Public Employment and Payroll","2017","EP1410","Libraries - Full Time Pay","002","State","2074276","2074275.7"
"0100000US","null","United States","01","Annual Survey of Public Employment and Payroll","2018","EP1410","Libraries - Full Time Pay","002","State","2161021","2161021.0"
"0100000US","null","United States","01","Annual Survey of Public Employment and Payroll","2017","EP1415","Libraries - Part Time Employees","002","State","234","234.0"
"0100000US","null","United States","01","Annual Survey of Public Employment and Payroll","2018","EP1415","Libraries - Part Time Employees","002","State","227","227.0"
"0100000US","null","United States","01","Annual Survey of Public Employment and Payroll","2017","EP1420","Libraries - Part Time Pay","002","State","206280","206280.0"
"0100000US","null","United States","01","Annual Survey of Public Employment and Payroll","2018","EP1420","Libraries - Part Time Pay","002","State","228918","228918.0"
"0100000US","null","United States","01","Annual Survey of Public Employment and Payroll","2017","EP1425","Libraries - Part Time Hours","002","State","16080","16080.0"
"0100000US","null","United States","01","Annual Survey of Public Employment and Payroll","2018","EP1425","Libraries - Part Time Hours","002","State","17032","17032.0"
"0100000US","null","United States","01","Annual Survey of Public Employment and Payroll","2017","EP1430","Libraries - Full Time Equivalent","002","State","644","644.0"
"0100000US","null","United States","01","Annual Survey of Public Employment and Payroll","2018","EP1430","Libraries - Full Time Equivalent","002","State","652","652.0"
"0100000US","null","United States","01","Annual Survey of Public Employment and Payroll","2017","EP1435","Libraries - Total March Full-Time and Part-Time Employment","002","State","787","787.0"
"0100000US","null","United States","01","Annual Survey of Public Employment and Payroll","2018","EP1435","Libraries - Total March Full-Time and Part-Time Employment","002","State","783","783.0"
"0100000US","null","United States","01","Annual Survey of Public Employment and Payroll","2017","EP1440","Libraries - Total March Payroll","002","State","2280556","2280555.7"
"0100000US","null","United States","01","Annual Survey of Public Employment and Payroll","2018","EP1440","Libraries - Total March Payroll","002","State","2389939","2389939.0"
"0100000US","null","United States","01","Annual Survey of Public Employment and Payroll","2017","EP1445","State liquor stores - Full Time Employees","002","State","6400","6400.0"
"0100000US","null","United States","01","Annual Survey of Public Employment and Payroll","2018","EP1445","State liquor stores - Full Time Employees","002","State","6435","6435.0"
"0100000US","null","United States","01","Annual Survey of Public Employment and Payroll","2017","EP1450","State liquor stores - Full Time Pay","002","State","22741812","22741812.4"
"0100000US","null","United States","01","Annual Survey of Public Employment and Payroll","2018","EP1450","State liquor stores - Full Time Pay","002","State","23443726","23443726.0"
"0100000US","null","United States","01","Annual Survey of Public Employment and Payroll","2017","EP1455","State liquor stores - Part Time Employees","002","State","7027","7027.0"
"0100000US","null","United States","01","Annual Survey of Public Employment and Payroll","2018","EP1455","State liquor stores - Part Time Employees","002","State","7100","7100.0"
"0100000US","null","United States","01","Annual Survey of Public Employment and Payroll","2017","EP1460","State liquor stores - Part Time Pay","002","State","10129120","10129119.6"
"0100000US","null","United States","01","Annual Survey of Public Employment and Payroll","2018","EP1460","State liquor stores - Part Time Pay","002","State","10259713","10259713.0"
"0100000US","null","United States","01","Annual Survey of Public Employment and Payroll","2017","EP1465","State liquor stores - Part Time Hours","002","State","589536","589535.7"
"0100000US","null","United States","01","Annual Survey of Public Employment and Payroll","2018","EP1465","State liquor stores - Part Time Hours","002","State","595874","595874.0"
"0100000US","null","United States","01","Annual Survey of Public Employment and Payroll","2017","EP1470","State liquor stores - Full Time Equivalent","002","State","9837","9837.0"
"0100000US","null","United States","01","Annual Survey of Public Employment and Payroll","2018","EP1470","State liquor stores - Full Time Equivalent","002","State","9926","9926.0"
"0100000US","null","United States","01","Annual Survey of Public Employment and Payroll","2017","EP1475","State liquor stores - Total March Full-Time and Part-Time Employment","002","State","13427","13427.0"
"0100000US","null","United States","01","Annual Survey of Public Employment and Payroll","2018","EP1475","State liquor stores - Total March Full-Time and Part-Time Employment","002","State","13535","13535.0"
"0100000US","null","United States","01","Annual Survey of Public Employment and Payroll","2017","EP1480","State liquor stores - Total March Payroll","002","State","32870932","32870931.9"
"0100000US","null","United States","01","Annual Survey of Public Employment and Payroll","2018","EP1480","State liquor stores - Total March Payroll","002","State","33703439","33703439.0"
"0100000US","null","United States","01","Annual Survey of Public Employment and Payroll","2017","EP1485","All other and unallocable - Full Time Employees","002","State","167731","167731.0"
"0100000US","null","United States","01","Annual Survey of Public Employment and Payroll","2018","EP1485","All other and unallocable - Full Time Employees","002","State","170508","170508.0"
"0100000US","null","United States","01","Annual Survey of Public Employment and Payroll","2017","EP1490","All other and unallocable - Full Time Pay","002","State","890515302","890515301.6"
"0100000US","null","United States","01","Annual Survey of Public Employment and Payroll","2018","EP1490","All other and unallocable - Full Time Pay","002","State","927086334","927086334.0"
"0100000US","null","United States","01","Annual Survey of Public Employment and Payroll","2017","EP1495","All other and unallocable - Part Time Employees","002","State","13585","13585.0"
"0100000US","null","United States","01","Annual Survey of Public Employment and Payroll","2018","EP1495","All other and unallocable - Part Time Employees","002","State","13191","13191.0"
"0100000US","null","United States","01","Annual Survey of Public Employment and Payroll","2017","EP1500","All other and unallocable - Part Time Pay","002","State","25451424","25451423.7"
"0100000US","null","United States","01","Annual Survey of Public Employment and Payroll","2018","EP1500","All other and unallocable - Part Time Pay","002","State","28722643","28722643.0"
"0100000US","null","United States","01","Annual Survey of Public Employment and Payroll","2017","EP1505","All other and unallocable - Part Time Hours","002","State","977259","977258.7"
"0100000US","null","United States","01","Annual Survey of Public Employment and Payroll","2018","EP1505","All other and unallocable - Part Time Hours","002","State","1069682","1069682.0"
"0100000US","null","United States","01","Annual Survey of Public Employment and Payroll","2017","EP1510","All other and unallocable - Full Time Equivalent","002","State","173303","173303.0"
"0100000US","null","United States","01","Annual Survey of Public Employment and Payroll","2018","EP1510","All other and unallocable - Full Time Equivalent","002","State","176640","176640.0"
"0100000US","null","United States","01","Annual Survey of Public Employment and Payroll","2017","EP1515","All other and unallocable - Total March Full-Time and Part-Time Employment","002","State","181316","181316.0"
"0100000US","null","United States","01","Annual Survey of Public Employment and Payroll","2018","EP1515","All other and unallocable - Total March Full-Time and Part-Time Employment","002","State","183699","183699.0"
"0100000US","null","United States","01","Annual Survey of Public Employment and Payroll","2017","EP1520","All other and unallocable - Total March Payroll","002","State","915966725","915966725.3"
"0100000US","null","United States","01","Annual Survey of Public Employment and Payroll","2018","EP1520","All other and unallocable - Total March Payroll","002","State","955808977","955808977.0"
