"GEO_ID","GEO_ID_F","NAME","SVY_COMP","SVY_COMP_LABEL","YEAR","AGG_DESC","AGG_DESC_LABEL","GOVTYPE","GOVTYPE_LABEL","AMOUNT","AMOUNT_FORMATTED"
"id","Geo Footnote","Geographic Area Name","Survey Component","Survey Component","Year","Aggregate Description","Meaning of Aggregate Description","Type of Government","Type of Government","Amount","Amount Formatted"
"0100000US","null","United States","07","Government Organization","2012","GO0010","Total Local Government Units - Special Purpose Governments - Independent School District Governments","001","State and Local ","12880.0","12,880"
"0100000US","null","United States","07","Government Organization","2017","GO0010","Total Local Government Units - Special Purpose Governments - Independent School District Governments","001","State and Local ","12754.0","12,754"
"0100000US","null","United States","07","Government Organization","2012","GO0101","Total dependent school systems","001","State and Local ","1298.0","1,298"
"0100000US","null","United States","07","Government Organization","2017","GO0101","Total dependent school systems","001","State and Local ","1307.0","1,307"
"0100000US","null","United States","07","Government Organization","2012","GO0102","Total school systems","001","State and Local ","14178.0","14,178"
"0100000US","null","United States","07","Government Organization","2017","GO0102","Total school systems","001","State and Local ","14061.0","14,061"
"0100000US","null","United States","07","Government Organization","2012","GO0130","Grade coverage - Dependent school systems - Elementary and secondary grades","001","State and Local ","826.0","826"
"0100000US","null","United States","07","Government Organization","2017","GO0130","Grade coverage - Dependent school systems - Elementary and secondary grades","001","State and Local ","838.0","838"
"0100000US","null","United States","07","Government Organization","2012","GO0131","Grade coverage - Dependent school systems - Elementary grades only","001","State and Local ","185.0","185"
"0100000US","null","United States","07","Government Organization","2017","GO0131","Grade coverage - Dependent school systems - Elementary grades only","001","State and Local ","185.0","185"
"0100000US","null","United States","07","Government Organization","2012","GO0132","Grade coverage - Dependent school systems - No grades served","001","State and Local ","55.0","55"
"0100000US","null","United States","07","Government Organization","2017","GO0132","Grade coverage - Dependent school systems - No grades served","001","State and Local ","53.0","53"
"0100000US","null","United States","07","Government Organization","2012","GO0133","Grade coverage - Dependent school systems - Secondary grades only","001","State and Local ","8.0","8"
"0100000US","null","United States","07","Government Organization","2017","GO0133","Grade coverage - Dependent school systems - Secondary grades only","001","State and Local ","8.0","8"
"0100000US","null","United States","07","Government Organization","2012","GO0134","Grade coverage - Dependent school systems - Vocational, special or college grades only","001","State and Local ","224.0","224"
"0100000US","null","United States","07","Government Organization","2017","GO0134","Grade coverage - Dependent school systems - Vocational, special or college grades only","001","State and Local ","223.0","223"
"0100000US","null","United States","07","Government Organization","2012","GO0135","Grade coverage - Independent school districts - Elementary and secondary grades","001","State and Local ","9717.0","9,717"
"0100000US","null","United States","07","Government Organization","2017","GO0135","Grade coverage - Independent school districts - Elementary and secondary grades","001","State and Local ","9675.0","9,675"
"0100000US","null","United States","07","Government Organization","2012","GO0136","Grade coverage - Independent school districts - Elementary grades only","001","State and Local ","2212.0","2,212"
"0100000US","null","United States","07","Government Organization","2017","GO0136","Grade coverage - Independent school districts - Elementary grades only","001","State and Local ","2134.0","2,134"
"0100000US","null","United States","07","Government Organization","2012","GO0137","Grade coverage - Independent school districts - No grades served","001","State and Local ","100.0","100"
"0100000US","null","United States","07","Government Organization","2017","GO0137","Grade coverage - Independent school districts - No grades served","001","State and Local ","109.0","109"
"0100000US","null","United States","07","Government Organization","2012","GO0138","Grade coverage - Independent school districts - Secondary grades only","001","State and Local ","320.0","320"
"0100000US","null","United States","07","Government Organization","2017","GO0138","Grade coverage - Independent school districts - Secondary grades only","001","State and Local ","304.0","304"
"0100000US","null","United States","07","Government Organization","2012","GO0139","Grade coverage - Independent school districts - Vocational, special or college grades only","001","State and Local ","531.0","531"
"0100000US","null","United States","07","Government Organization","2017","GO0139","Grade coverage - Independent school districts - Vocational, special or college grades only","001","State and Local ","532.0","532"
