"GEO_ID","GEO_ID_F","NAME","SVY_COMP","SVY_COMP_LABEL","YEAR","AGG_DESC","AGG_DESC_LABEL","GOVTYPE","GOVTYPE_LABEL","AMOUNT","AMOUNT_FORMATTED"
"id","Geo Footnote","Geographic Area Name","Survey Component","Survey Component","Year","Aggregate Description","Meaning of Aggregate Description","Type of Government","Type of Government","Amount","Amount Formatted"
"0100000US","null","United States","07","Government Organization","2012","GO0103","Enrollment-size group - Dependent elementary-secondary school systems - 1,000 and 2,499 - Count","001","State and Local ","209.0","209"
"0100000US","null","United States","07","Government Organization","2017","GO0103","Enrollment-size group - Dependent elementary-secondary school systems - 1,000 and 2,499 - Count","001","State and Local ","222.0","222"
"0100000US","null","United States","07","Government Organization","2012","GO0104","Enrollment-size group - Dependent elementary-secondary school systems - 10,000 and 24,999 - Count","001","State and Local ","86.0","86"
"0100000US","null","United States","07","Government Organization","2017","GO0104","Enrollment-size group - Dependent elementary-secondary school systems - 10,000 and 24,999 - Count","001","State and Local ","84.0","84"
"0100000US","null","United States","07","Government Organization","2012","GO0105","Enrollment-size group - Dependent elementary-secondary school systems - 100 and 249 - Count","001","State and Local ","84.0","84"
"0100000US","null","United States","07","Government Organization","2017","GO0105","Enrollment-size group - Dependent elementary-secondary school systems - 100 and 249 - Count","001","State and Local ","91.0","91"
"0100000US","null","United States","07","Government Organization","2012","GO0106","Enrollment-size group - Dependent elementary-secondary school systems - 2,500 and 4,999 - Count","001","State and Local ","256.0","256"
"0100000US","null","United States","07","Government Organization","2017","GO0106","Enrollment-size group - Dependent elementary-secondary school systems - 2,500 and 4,999 - Count","001","State and Local ","232.0","232"
"0100000US","null","United States","07","Government Organization","2012","GO0107","Enrollment-size group - Dependent elementary-secondary school systems - 25,000 and 49,999 - Count","001","State and Local ","29.0","29"
"0100000US","null","United States","07","Government Organization","2017","GO0107","Enrollment-size group - Dependent elementary-secondary school systems - 25,000 and 49,999 - Count","001","State and Local ","31.0","31"
"0100000US","null","United States","07","Government Organization","2012","GO0108","Enrollment-size group - Dependent elementary-secondary school systems - 250 and 499 - Count","001","State and Local ","66.0","66"
"0100000US","null","United States","07","Government Organization","2017","GO0108","Enrollment-size group - Dependent elementary-secondary school systems - 250 and 499 - Count","001","State and Local ","76.0","76"
"0100000US","null","United States","07","Government Organization","2012","GO0109","Enrollment-size group - Dependent elementary-secondary school systems - 5,000 and 9,999 - Count","001","State and Local ","145.0","145"
"0100000US","null","United States","07","Government Organization","2017","GO0109","Enrollment-size group - Dependent elementary-secondary school systems - 5,000 and 9,999 - Count","001","State and Local ","147.0","147"
"0100000US","null","United States","07","Government Organization","2012","GO0110","Enrollment-size group - Dependent elementary-secondary school systems - 50,000 and 99,999 - Count","001","State and Local ","13.0","13"
"0100000US","null","United States","07","Government Organization","2017","GO0110","Enrollment-size group - Dependent elementary-secondary school systems - 50,000 and 99,999 - Count","001","State and Local ","14.0","14"
"0100000US","null","United States","07","Government Organization","2012","GO0111","Enrollment-size group - Dependent elementary-secondary school systems - 500 and 999 - Count","001","State and Local ","80.0","80"
"0100000US","null","United States","07","Government Organization","2017","GO0111","Enrollment-size group - Dependent elementary-secondary school systems - 500 and 999 - Count","001","State and Local ","82.0","82"
"0100000US","null","United States","07","Government Organization","2012","GO0112","Enrollment-size group - Dependent elementary-secondary school systems - 100,000 or more - Count","001","State and Local ","9.0","9"
"0100000US","null","United States","07","Government Organization","2017","GO0112","Enrollment-size group - Dependent elementary-secondary school systems - 100,000 or more - Count","001","State and Local ","8.0","8"
"0100000US","null","United States","07","Government Organization","2012","GO0113","Enrollment-size group - Dependent elementary-secondary school systems - Less than 100 - Count","001","State and Local ","39.0","39"
"0100000US","null","United States","07","Government Organization","2017","GO0113","Enrollment-size group - Dependent elementary-secondary school systems - Less than 100 - Count","001","State and Local ","44.0","44"
"0100000US","null","United States","07","Government Organization","2012","GO0114","Enrollment-size group - Dependent elementary-secondary school systems - None - Count","001","State and Local ","3.0","3"
"0100000US","null","United States","07","Government Organization","2017","GO0114","Enrollment-size group - Dependent elementary-secondary school systems - None - Count","001","State and Local ","X","X"
"0100000US","null","United States","07","Government Organization","2012","GO0115","Enrollment-size group - Independent elementary-secondary school systems - 1,000 and 2,499 - Count","001","State and Local ","3033.0","3,033"
"0100000US","null","United States","07","Government Organization","2017","GO0115","Enrollment-size group - Independent elementary-secondary school systems - 1,000 and 2,499 - Count","001","State and Local ","3003.0","3,003"
"0100000US","null","United States","07","Government Organization","2012","GO0116","Enrollment-size group - Independent elementary-secondary school systems - 10,000 and 24,999 - Count","001","State and Local ","506.0","506"
"0100000US","null","United States","07","Government Organization","2017","GO0116","Enrollment-size group - Independent elementary-secondary school systems - 10,000 and 24,999 - Count","001","State and Local ","522.0","522"
"0100000US","null","United States","07","Government Organization","2012","GO0117","Enrollment-size group - Independent elementary-secondary school systems - 100 and 249 - Count","001","State and Local ","1262.0","1,262"
"0100000US","null","United States","07","Government Organization","2017","GO0117","Enrollment-size group - Independent elementary-secondary school systems - 100 and 249 - Count","001","State and Local ","1223.0","1,223"
"0100000US","null","United States","07","Government Organization","2012","GO0118","Enrollment-size group - Independent elementary-secondary school systems - 2,500 and 4,999 - Count","001","State and Local ","1703.0","1,703"
"0100000US","null","United States","07","Government Organization","2017","GO0118","Enrollment-size group - Independent elementary-secondary school systems - 2,500 and 4,999 - Count","001","State and Local ","1641.0","1,641"
"0100000US","null","United States","07","Government Organization","2012","GO0119","Enrollment-size group - Independent elementary-secondary school systems - 25,000 and 49,999 - Count","001","State and Local ","159.0","159"
"0100000US","null","United States","07","Government Organization","2017","GO0119","Enrollment-size group - Independent elementary-secondary school systems - 25,000 and 49,999 - Count","001","State and Local ","160.0","160"
"0100000US","null","United States","07","Government Organization","2012","GO0120","Enrollment-size group - Independent elementary-secondary school systems - 250 and 499 - Count","001","State and Local ","1633.0","1,633"
"0100000US","null","United States","07","Government Organization","2017","GO0120","Enrollment-size group - Independent elementary-secondary school systems - 250 and 499 - Count","001","State and Local ","1708.0","1,708"
"0100000US","null","United States","07","Government Organization","2012","GO0121","Enrollment-size group - Independent elementary-secondary school systems - 5,000 and 9,999 - Count","001","State and Local ","913.0","913"
"0100000US","null","United States","07","Government Organization","2017","GO0121","Enrollment-size group - Independent elementary-secondary school systems - 5,000 and 9,999 - Count","001","State and Local ","890.0","890"
"0100000US","null","United States","07","Government Organization","2012","GO0122","Enrollment-size group - Independent elementary-secondary school systems - 50,000 and 99,999 - Count","001","State and Local ","48.0","48"
"0100000US","null","United States","07","Government Organization","2017","GO0122","Enrollment-size group - Independent elementary-secondary school systems - 50,000 and 99,999 - Count","001","State and Local ","52.0","52"
"0100000US","null","United States","07","Government Organization","2012","GO0123","Enrollment-size group - Independent elementary-secondary school systems - 500 and 999 - Count","001","State and Local ","2245.0","2,245"
"0100000US","null","United States","07","Government Organization","2017","GO0123","Enrollment-size group - Independent elementary-secondary school systems - 500 and 999 - Count","001","State and Local ","2233.0","2,233"
"0100000US","null","United States","07","Government Organization","2012","GO0124","Enrollment-size group - Independent elementary-secondary school systems - 100,000 or more - Count","001","State and Local ","17.0","17"
"0100000US","null","United States","07","Government Organization","2017","GO0124","Enrollment-size group - Independent elementary-secondary school systems - 100,000 or more - Count","001","State and Local ","21.0","21"
"0100000US","null","United States","07","Government Organization","2012","GO0125","Enrollment-size group - Independent elementary-secondary school systems - Less than 100 - Count","001","State and Local ","706.0","706"
"0100000US","null","United States","07","Government Organization","2017","GO0125","Enrollment-size group - Independent elementary-secondary school systems - Less than 100 - Count","001","State and Local ","660.0","660"
"0100000US","null","United States","07","Government Organization","2012","GO0126","Enrollment-size group - Independent elementary-secondary school systems - None - Count","001","State and Local ","24.0","24"
"0100000US","null","United States","07","Government Organization","2017","GO0126","Enrollment-size group - Independent elementary-secondary school systems - None - Count","001","State and Local ","X","X"
"0100000US","null","United States","07","Government Organization","2012","GO0127","Total dependent elementary-secondary school systems","001","State and Local ","1019.0","1,019"
"0100000US","null","United States","07","Government Organization","2017","GO0127","Total dependent elementary-secondary school systems","001","State and Local ","1031.0","1,031"
"0100000US","null","United States","07","Government Organization","2012","GO0128","Total elementary-secondary school systems","001","State and Local ","13268.0","13,268"
"0100000US","null","United States","07","Government Organization","2017","GO0128","Total elementary-secondary school systems","001","State and Local ","13144.0","13,144"
"0100000US","null","United States","07","Government Organization","2012","GO0129","Total independent elementary-secondary school districts","001","State and Local ","12249.0","12,249"
"0100000US","null","United States","07","Government Organization","2017","GO0129","Total independent elementary-secondary school districts","001","State and Local ","12113.0","12,113"
