"GEO_ID","GEO_ID_F","NAME","SVY_COMP","SVY_COMP_LABEL","YEAR","AGG_DESC","AGG_DESC_LABEL","GOVTYPE","GOVTYPE_LABEL","AMOUNT","AMOUNT_FORMATTED"
"id","Geo Footnote","Geographic Area Name","Survey Component","Survey Component","Year","Aggregate Description","Meaning of Aggregate Description","Type of Government","Type of Government","Amount","Amount Formatted"
"0100000US","null","United States","07","Government Organization","2012","GO0010","Total Local Government Units - Special Purpose Governments - Independent School District Governments","001","State and Local ","12880.0","12,880"
"0100000US","null","United States","07","Government Organization","2017","GO0010","Total Local Government Units - Special Purpose Governments - Independent School District Governments","001","State and Local ","12754.0","12,754"
"0100000US","null","United States","07","Government Organization","2012","GO0096","Total county dependent school systems","001","State and Local ","571.0","571"
"0100000US","null","United States","07","Government Organization","2017","GO0096","Total county dependent school systems","001","State and Local ","571.0","571"
"0100000US","null","United States","07","Government Organization","2012","GO0097","Total municipal dependent school systems","001","State and Local ","221.0","221"
"0100000US","null","United States","07","Government Organization","2017","GO0097","Total municipal dependent school systems","001","State and Local ","223.0","223"
"0100000US","null","United States","07","Government Organization","2012","GO0098","Total state dependent school systems","001","State and Local ","28.0","28"
"0100000US","null","United States","07","Government Organization","2017","GO0098","Total state dependent school systems","001","State and Local ","32.0","32"
"0100000US","null","United States","07","Government Organization","2012","GO0099","Total subcounty general purpose dependent school systems","001","State and Local ","694.0","694"
"0100000US","null","United States","07","Government Organization","2017","GO0099","Total subcounty general purpose dependent school systems","001","State and Local ","704.0","704"
"0100000US","null","United States","07","Government Organization","2012","GO0100","Total township dependent school systems","001","State and Local ","473.0","473"
"0100000US","null","United States","07","Government Organization","2017","GO0100","Total township dependent school systems","001","State and Local ","481.0","481"
"0100000US","null","United States","07","Government Organization","2012","GO0101","Total dependent school systems","001","State and Local ","1298.0","1,298"
"0100000US","null","United States","07","Government Organization","2017","GO0101","Total dependent school systems","001","State and Local ","1307.0","1,307"
"0100000US","null","United States","07","Government Organization","2012","GO0102","Total school systems","001","State and Local ","14178.0","14,178"
"0100000US","null","United States","07","Government Organization","2017","GO0102","Total school systems","001","State and Local ","14061.0","14,061"
