"GEO_ID","GEO_ID_F","NAME","SVY_COMP","SVY_COMP_LABEL","YEAR","AGG_DESC","AGG_DESC_LABEL","GOVTYPE","GOVTYPE_LABEL","AMOUNT","AMOUNT_FORMATTED"
"id","Geo Footnote","Geographic Area Name","Survey Component","Survey Component","Year","Aggregate Description","Meaning of Aggregate Description","Type of Government","Type of Government","Amount","Amount Formatted"
"0100000US","null","United States","07","Government Organization","2012","GO0005","Total Local Government Units - County Governments","001","State and Local ","3031.0","3,031"
"0100000US","null","United States","07","Government Organization","2017","GO0005","Total Local Government Units - County Governments","001","State and Local ","3031.0","3,031"
"0100000US","null","United States","07","Government Organization","2012","GO0011","Population-size group  - County Governments - 10,000 to 24,999 - Count","001","State and Local ","828.0","828"
"0100000US","null","United States","07","Government Organization","2017","GO0011","Population-size group  - County Governments - 10,000 to 24,999 - Count","001","State and Local ","807.0","807"
"0100000US","null","United States","07","Government Organization","2012","GO0012","Population-size group  - County Governments - 100,000 to 249,999 - Count","001","State and Local ","297.0","297"
"0100000US","null","United States","07","Government Organization","2017","GO0012","Population-size group  - County Governments - 100,000 to 249,999 - Count","001","State and Local ","303.0","303"
"0100000US","null","United States","07","Government Organization","2012","GO0013","Population-size group  - County Governments - 25,000 to 49,999 - Count","001","State and Local ","615.0","615"
"0100000US","null","United States","07","Government Organization","2017","GO0013","Population-size group  - County Governments - 25,000 to 49,999 - Count","001","State and Local ","611.0","611"
"0100000US","null","United States","07","Government Organization","2012","GO0014","Population-size group  - County Governments - 250,000 to 499,999 - Count","001","State and Local ","124.0","124"
"0100000US","null","United States","07","Government Organization","2017","GO0014","Population-size group  - County Governments - 250,000 to 499,999 - Count","001","State and Local ","123.0","123"
"0100000US","null","United States","07","Government Organization","2012","GO0015","Population-size group  - County Governments - 50,000 to 99,999 - Count","001","State and Local ","390.0","390"
"0100000US","null","United States","07","Government Organization","2017","GO0015","Population-size group  - County Governments - 50,000 to 99,999 - Count","001","State and Local ","381.0","381"
"0100000US","null","United States","07","Government Organization","2012","GO0016","Population-size group  - County Governments - 500,000 or more - Count","001","State and Local ","106.0","106"
"0100000US","null","United States","07","Government Organization","2017","GO0016","Population-size group  - County Governments - 500,000 or more - Count","001","State and Local ","119.0","119"
"0100000US","null","United States","07","Government Organization","2012","GO0017","Population-size group  - County Governments - Less than 10,000 - Count","001","State and Local ","671.0","671"
"0100000US","null","United States","07","Government Organization","2017","GO0017","Population-size group  - County Governments - Less than 10,000 - Count","001","State and Local ","687.0","687"
"0100000US","null","United States","07","Government Organization","2012","GO0018","Total population of county governments","001","State and Local ","277644742.0","277,644,742"
"0100000US","null","United States","07","Government Organization","2017","GO0018","Total population of county governments","001","State and Local ","292943167.0","292,943,167"
"0100000US","null","United States","07","Government Organization","2012","GO0019","Population-size group  - County Governments - 10,000 to 24,999 - Population","001","State and Local ","13907252.0","13,907,252"
"0100000US","null","United States","07","Government Organization","2017","GO0019","Population-size group  - County Governments - 10,000 to 24,999 - Population","001","State and Local ","13444837.0","13,444,837"
"0100000US","null","United States","07","Government Organization","2012","GO0020","Population-size group  - County Governments - 100,000 to 249,999 - Population","001","State and Local ","45521946.0","45,521,946"
"0100000US","null","United States","07","Government Organization","2017","GO0020","Population-size group  - County Governments - 100,000 to 249,999 - Population","001","State and Local ","46933152.0","46,933,152"
"0100000US","null","United States","07","Government Organization","2012","GO0021","Population-size group  - County Governments - 25,000 to 49,999 - Population","001","State and Local ","22105815.0","22,105,815"
"0100000US","null","United States","07","Government Organization","2017","GO0021","Population-size group  - County Governments - 25,000 to 49,999 - Population","001","State and Local ","21814488.0","21,814,488"
"0100000US","null","United States","07","Government Organization","2012","GO0022","Population-size group  - County Governments - 250,000 to 499,999 - Population","001","State and Local ","42930095.0","42,930,095"
"0100000US","null","United States","07","Government Organization","2017","GO0022","Population-size group  - County Governments - 250,000 to 499,999 - Population","001","State and Local ","42366415.0","42,366,415"
"0100000US","null","United States","07","Government Organization","2012","GO0023","Population-size group  - County Governments - 50,000 to 99,999 - Population","001","State and Local ","27413682.0","27,413,682"
"0100000US","null","United States","07","Government Organization","2017","GO0023","Population-size group  - County Governments - 50,000 to 99,999 - Population","001","State and Local ","26649293.0","26,649,293"
"0100000US","null","United States","07","Government Organization","2012","GO0024","Population-size group  - County Governments - 500,000 or more - Population","001","State and Local ","122102586.0","122,102,586"
"0100000US","null","United States","07","Government Organization","2017","GO0024","Population-size group  - County Governments - 500,000 or more - Population","001","State and Local ","138010561.0","138,010,561"
"0100000US","null","United States","07","Government Organization","2012","GO0025","Population-size group  - County Governments - Less than 10,000 - Population","001","State and Local ","3663366.0","3,663,366"
"0100000US","null","United States","07","Government Organization","2017","GO0025","Population-size group  - County Governments - Less than 10,000 - Population","001","State and Local ","3724421.0","3,724,421"
