"GEO_ID","GEO_ID_F","NAME","SVY_COMP","SVY_COMP_LABEL","YEAR","AGG_DESC","AGG_DESC_LABEL","GOVTYPE","GOVTYPE_LABEL","AMOUNT","AMOUNT_FORMATTED"
"id","Geo Footnote","Geographic Area Name","Survey Component","Survey Component","Year","Aggregate Description","Meaning of Aggregate Description","Type of Government","Type of Government","Amount","Amount Formatted"
"0100000US","null","United States","07","Government Organization","2012","GO0009","Total Local Government Units - Special Purpose Governments - Special District Governments","001","State and Local ","38266.0","38,266"
"0100000US","null","United States","07","Government Organization","2017","GO0009","Total Local Government Units - Special Purpose Governments - Special District Governments","001","State and Local ","38542.0","38,542"
"0100000US","null","United States","07","Government Organization","2012","GO0070","Special District Governments  - Single-function - Air transportation","001","State and Local ","492.0","492"
"0100000US","null","United States","07","Government Organization","2017","GO0070","Special District Governments  - Single-function - Air transportation","001","State and Local ","489.0","489"
"0100000US","null","United States","07","Government Organization","2012","GO0071","Special District Governments  - Single-function - Cemeteries","001","State and Local ","1692.0","1,692"
"0100000US","null","United States","07","Government Organization","2017","GO0071","Special District Governments  - Single-function - Cemeteries","001","State and Local ","1681.0","1,681"
"0100000US","null","United States","07","Government Organization","2012","GO0072","Special District Governments  - Single-function - Drainage and flood control","001","State and Local ","3248.0","3,248"
"0100000US","null","United States","07","Government Organization","2017","GO0072","Special District Governments  - Single-function - Drainage and flood control","001","State and Local ","3189.0","3,189"
"0100000US","null","United States","07","Government Organization","2012","GO0073","Special District Governments  - Single-function - Education","001","State and Local ","178.0","178"
"0100000US","null","United States","07","Government Organization","2017","GO0073","Special District Governments  - Single-function - Education","001","State and Local ","184.0","184"
"0100000US","null","United States","07","Government Organization","2012","GO0074","Special District Governments  - Single-function - Fire protection","001","State and Local ","5865.0","5,865"
"0100000US","null","United States","07","Government Organization","2017","GO0074","Special District Governments  - Single-function - Fire protection","001","State and Local ","5975.0","5,975"
"0100000US","null","United States","07","Government Organization","2012","GO0075","Special District Governments  - Single-function - Health","001","State and Local ","932.0","932"
"0100000US","null","United States","07","Government Organization","2017","GO0075","Special District Governments  - Single-function - Health","001","State and Local ","947.0","947"
"0100000US","null","United States","07","Government Organization","2012","GO0076","Special District Governments  - Single-function - Highways","001","State and Local ","1099.0","1,099"
"0100000US","null","United States","07","Government Organization","2017","GO0076","Special District Governments  - Single-function - Highways","001","State and Local ","1091.0","1,091"
"0100000US","null","United States","07","Government Organization","2012","GO0077","Special District Governments  - Single-function - Hospitals","001","State and Local ","666.0","666"
"0100000US","null","United States","07","Government Organization","2017","GO0077","Special District Governments  - Single-function - Hospitals","001","State and Local ","640.0","640"
"0100000US","null","United States","07","Government Organization","2012","GO0078","Special District Governments  - Single-function - Housing and community development","001","State and Local ","3438.0","3,438"
"0100000US","null","United States","07","Government Organization","2017","GO0078","Special District Governments  - Single-function - Housing and community development","001","State and Local ","3344.0","3,344"
"0100000US","null","United States","07","Government Organization","2012","GO0079","Special District Governments  - Single-function - Industrial development and mortgage credit","001","State and Local ","223.0","223"
"0100000US","null","United States","07","Government Organization","2017","GO0079","Special District Governments  - Single-function - Industrial development and mortgage credit","001","State and Local ","214.0","214"
"0100000US","null","United States","07","Government Organization","2012","GO0080","Special District Governments  - Single-function - Libraries","001","State and Local ","1705.0","1,705"
"0100000US","null","United States","07","Government Organization","2017","GO0080","Special District Governments  - Single-function - Libraries","001","State and Local ","1660.0","1,660"
"0100000US","null","United States","07","Government Organization","2012","GO0081","Special District Governments - Multiple-function - Natural resources and water supply","001","State and Local ","133.0","133"
"0100000US","null","United States","07","Government Organization","2017","GO0081","Special District Governments - Multiple-function - Natural resources and water supply","001","State and Local ","140.0","140"
"0100000US","null","United States","07","Government Organization","2012","GO0082","Special District Governments - Multiple-function - Other multiple function districts","001","State and Local ","3626.0","3,626"
"0100000US","null","United States","07","Government Organization","2017","GO0082","Special District Governments - Multiple-function - Other multiple function districts","001","State and Local ","4188.0","4,188"
"0100000US","null","United States","07","Government Organization","2012","GO0083","Special District Governments  - Single-function - Other natural resources","001","State and Local ","1522.0","1,522"
"0100000US","null","United States","07","Government Organization","2017","GO0083","Special District Governments  - Single-function - Other natural resources","001","State and Local ","1518.0","1,518"
"0100000US","null","United States","07","Government Organization","2012","GO0084","Special District Governments  - Single-function - Other single function districts","001","State and Local ","1243.0","1,243"
"0100000US","null","United States","07","Government Organization","2017","GO0084","Special District Governments  - Single-function - Other single function districts","001","State and Local ","1213.0","1,213"
"0100000US","null","United States","07","Government Organization","2012","GO0085","Special District Governments  - Single-function - Other transportation","001","State and Local ","171.0","171"
"0100000US","null","United States","07","Government Organization","2017","GO0085","Special District Governments  - Single-function - Other transportation","001","State and Local ","167.0","167"
"0100000US","null","United States","07","Government Organization","2012","GO0086","Special District Governments  - Single-function - Other utility districts","001","State and Local ","593.0","593"
"0100000US","null","United States","07","Government Organization","2017","GO0086","Special District Governments  - Single-function - Other utility districts","001","State and Local ","584.0","584"
"0100000US","null","United States","07","Government Organization","2012","GO0087","Special District Governments  - Single-function - Parks and recreation","001","State and Local ","1433.0","1,433"
"0100000US","null","United States","07","Government Organization","2017","GO0087","Special District Governments  - Single-function - Parks and recreation","001","State and Local ","1440.0","1,440"
"0100000US","null","United States","07","Government Organization","2012","GO0088","Special District Governments  - Single-function - Sewerage","001","State and Local ","1909.0","1,909"
"0100000US","null","United States","07","Government Organization","2017","GO0088","Special District Governments  - Single-function - Sewerage","001","State and Local ","1840.0","1,840"
"0100000US","null","United States","07","Government Organization","2012","GO0089","Special District Governments - Multiple-function - Sewerage and water supply","001","State and Local ","1476.0","1,476"
"0100000US","null","United States","07","Government Organization","2017","GO0089","Special District Governments - Multiple-function - Sewerage and water supply","001","State and Local ","1380.0","1,380"
"0100000US","null","United States","07","Government Organization","2012","GO0090","Special District Governments  - Single-function - Soil and water conservation","001","State and Local ","2565.0","2,565"
"0100000US","null","United States","07","Government Organization","2017","GO0090","Special District Governments  - Single-function - Soil and water conservation","001","State and Local ","2546.0","2,546"
"0100000US","null","United States","07","Government Organization","2012","GO0091","Special District Governments  - Single-function - Solid waste management","001","State and Local ","462.0","462"
"0100000US","null","United States","07","Government Organization","2017","GO0091","Special District Governments  - Single-function - Solid waste management","001","State and Local ","450.0","450"
"0100000US","null","United States","07","Government Organization","2012","GO0092","Total multiple-function special district governments","001","State and Local ","5235.0","5,235"
"0100000US","null","United States","07","Government Organization","2017","GO0092","Total multiple-function special district governments","001","State and Local ","5708.0","5,708"
"0100000US","null","United States","07","Government Organization","2012","GO0093","Special District Governments  - Single-function - Water supply","001","State and Local ","3522.0","3,522"
"0100000US","null","United States","07","Government Organization","2017","GO0093","Special District Governments  - Single-function - Water supply","001","State and Local ","3593.0","3,593"
"0100000US","null","United States","07","Government Organization","2012","GO0094","Special District Governments  - Single-function - Welfare","001","State and Local ","73.0","73"
"0100000US","null","United States","07","Government Organization","2017","GO0094","Special District Governments  - Single-function - Welfare","001","State and Local ","69.0","69"
"0100000US","null","United States","07","Government Organization","2012","GO0095","Total single-function special district governments","001","State and Local ","33031.0","33,031"
"0100000US","null","United States","07","Government Organization","2017","GO0095","Total single-function special district governments","001","State and Local ","32834.0","32,834"
